"Id","Path","Slice Name","Alias(s)","Label","Min","Max","Must Support?","Is Modifier?","Is Summary?","Type(s)","Short","Definition","Comments","Requirements","Default Value","Meaning When Missing","Fixed Value","Pattern","Example","Minimum Value","Maximum Value","Maximum Length","Binding Strength","Binding Description","Binding Value Set","Code","Slicing Discriminator","Slicing Description","Slicing Ordered","Slicing Rules","Base Path","Base Min","Base Max","Condition(s)","Constraint(s)","Mapping: RIM Mapping","Mapping: iCalendar","Mapping: FiveWs Pattern Mapping"
"Schedule","Schedule","","Availability
","",0,*,"","","","null {[]} {[]}
","A container for slots of time that may be available for booking appointments","A container for slots of time that may be available for booking appointments.","","","","","","","","","",,,,,"",,,,"Schedule",0,*,"","dom-2:If the resource is contained in another resource, it SHALL NOT contain nested Resources {contained.contained.empty()}
dom-3:If the resource is contained in another resource, it SHALL be referred to from elsewhere in the resource or SHALL refer to the containing resource {contained.where((('#'+id in (%resource.descendants().reference | %resource.descendants().as(canonical) | %resource.descendants().as(uri) | %resource.descendants().as(url))) or descendants().where(reference = '#').exists() or descendants().where(as(canonical) = '#').exists() or descendants().where(as(canonical) = '#').exists()).not()).trace('unmatched', id).empty()}dom-4:If a resource is contained in another resource, it SHALL NOT have a meta.versionId or a meta.lastUpdated {contained.meta.versionId.empty() and contained.meta.lastUpdated.empty()}dom-5:If a resource is contained in another resource, it SHALL NOT have a security label {contained.meta.security.empty()}dom-6:A resource should have narrative for robust management {text.`div`.exists()}","Entity. Role, or Act","n/a","BEGIN:VFREEBUSY  ???  END:VFREEBUSY (If your fhir server provides this information via calDAV, then you may want to include addressing information in a URL section, and with the search, a DTSTART and DTEND component can be included to indicate the range of time that has been covered in the collection of slots, where these overlap the resources period values. For all slots that reference this resource, include a FREEBUSY row for each slot)"
"Schedule.id","Schedule.id","","","",0,1,"Y","","Y","id {[]} {[]}
","serverseitige, interne ID des Datensatzes","The logical id of the resource, as used in the URL for the resource. Once assigned, this value never changes.","**bedingtes Pflichtfeld/bedingtes MS:** Alle von einem Server bereitgestellten Ressourcen MÜSSEN über eine `id` verfügen.
  Von Clients erzeugte Ressourcen, die im Kontext einer CREATE-Interaktion übermittelt werden, MÜSSEN NICHT über eine `id`verfügen. ","","","","","","","","",,,,,"",,,,"Resource.id",0,1,"",""
"Schedule.meta","Schedule.meta","","","",0,1,"","","Y","Meta {[]} {[]}
","Metadata about the resource","The metadata about the resource. This is content that is maintained by the infrastructure. Changes to the content might not always be associated with version changes to the resource.","","","","","","","","","",,,,,"",,,,"Resource.meta",0,1,"","ele-1:All FHIR elements must have a @value or children {hasValue() or (children().count() > id.count())}
"
"Schedule.meta.id","Schedule.meta.id","","","",0,1,"","","","string {[]} {[]}
","Unique id for inter-element referencing","Unique id for the element within a resource (for internal references). This may be any string value that does not contain spaces.","","","","","","","","","",,,,,"",,,,"Element.id",0,1,"","","n/a"
"Schedule.meta.extension","Schedule.meta.extension","","extensions
user content","",0,*,"","","","Extension {[]} {[]}
","Additional content defined by implementations","May be used to represent additional information that is not part of the basic definition of the element. To make the use of extensions safe and manageable, there is a strict set of governance  applied to the definition and use of extensions. Though any implementer can define an extension, there is a set of requirements that SHALL be met as part of the definition of the extension.","There can be no stigma associated with the use of extensions by any application, project, or standard - regardless of the institution or jurisdiction that uses or defines the extensions.  The use of extensions is what allows the FHIR specification to retain a core level of simplicity for everyone.","","","","","","","","",,,,,"","value:url}
","Extensions are always sliced by (at least) url",,"open","Element.extension",0,*,"","ele-1:All FHIR elements must have a @value or children {hasValue() or (children().count() > id.count())}
ext-1:Must have either extensions or value[x], not both {extension.exists() != value.exists()}","n/a"
"Schedule.meta.versionId","Schedule.meta.versionId","","","",0,1,"","","Y","id {[]} {[]}
","Eindeutiger Name der serverseitigen Version des Datensatzes","The version specific identifier, as it appears in the version portion of the URL. This value changes when the resource is created, updated, or deleted.","Alle von einem Server bereitgestellten Ressourcen SOLLEN über eine `versionID` verfügen.
  Von Clients erzeugte Ressourcen, die im Kontext einer CREATE-Interaktion übermittelt werden, MÜSSEN NICHT über eine `versionID`verfügen. ","","","","","","","","",,,,,"",,,,"Meta.versionId",0,1,"","ele-1:All FHIR elements must have a @value or children {hasValue() or (children().count() > id.count())}
"
"Schedule.meta.lastUpdated","Schedule.meta.lastUpdated","","","",0,1,"","","Y","instant {[]} {[]}
","Zeitpunkt der letzten Änderung","When the resource last changed - e.g. when the version changed.","Alle von einem Server bereitgestellten Ressourcen SOLLEN über ein `lastUpdate` verfügen.
  Von Clients erzeugte Ressourcen, die im Kontext einer CREATE-Interaktion übermittelt werden, MÜSSEN NICHT über ein `lastUpdate`verfügen. ","","","","","","","","",,,,,"",,,,"Meta.lastUpdated",0,1,"","ele-1:All FHIR elements must have a @value or children {hasValue() or (children().count() > id.count())}
"
"Schedule.meta.source","Schedule.meta.source","","","",0,1,"","","Y","uri {[]} {[]}
","Identifies where the resource comes from","A uri that identifies the source system of the resource. This provides a minimal amount of [Provenance](http://hl7.org/fhir/R4/provenance.html#) information that can be used to track or differentiate the source of information in the resource. The source may identify another FHIR server, document, message, database, etc.","In the provenance resource, this corresponds to Provenance.entity.what[x]. The exact use of the source (and the implied Provenance.entity.role) is left to implementer discretion. Only one nominated source is allowed; for additional provenance details, a full Provenance resource should be used. 

This element can be used to indicate where the current master source of a resource that has a canonical URL if the resource is no longer hosted at the canonical URL.","","","","","","","","",,,,,"",,,,"Meta.source",0,1,"","ele-1:All FHIR elements must have a @value or children {hasValue() or (children().count() > id.count())}
"
"Schedule.meta.profile","Schedule.meta.profile","","","",0,*,"","","Y","canonical {[]} {[CanonicalType[http://hl7.org/fhir/StructureDefinition/StructureDefinition|4.0.1]]}
","Profiles this resource claims to conform to","A list of profiles (references to [StructureDefinition](http://hl7.org/fhir/R4/structuredefinition.html#) resources) that this resource claims to conform to. The URL is a reference to [StructureDefinition.url](http://hl7.org/fhir/R4/structuredefinition-definitions.html#StructureDefinition.url).","It is up to the server and/or other infrastructure of policy to determine whether/how these claims are verified and/or updated over time.  The list of profile URLs is a set.","","","","","","","","",,,,,"",,,,"Meta.profile",0,*,"","ele-1:All FHIR elements must have a @value or children {hasValue() or (children().count() > id.count())}
"
"Schedule.meta.security","Schedule.meta.security","","","",0,*,"","","Y","Coding {[]} {[]}
","Security Labels applied to this resource","Security labels applied to this resource. These tags connect specific resources to the overall security policy and infrastructure.","The security labels can be updated without changing the stated version of the resource. The list of security labels is a set. Uniqueness is based the system/code, and version and display are ignored.","","","","","","","","",,"extensible","Security Labels from the Healthcare Privacy and Security Classification System.","http://hl7.org/fhir/ValueSet/security-labels|4.0.1","",,,,"Meta.security",0,*,"","ele-1:All FHIR elements must have a @value or children {hasValue() or (children().count() > id.count())}
"
"Schedule.meta.tag","Schedule.meta.tag","","","",0,*,"","","Y","Coding {[]} {[]}
","Tags applied to this resource","Tags applied to this resource. Tags are intended to be used to identify and relate resources to process and workflow, and applications are not required to consider the tags when interpreting the meaning of a resource.","The tags can be updated without changing the stated version of the resource. The list of tags is a set. Uniqueness is based the system/code, and version and display are ignored.","","","","","","","","",,"example","Codes that represent various types of tags, commonly workflow-related; e.g. ""Needs review by Dr. Jones"".","http://hl7.org/fhir/ValueSet/common-tags|4.0.1","",,,,"Meta.tag",0,*,"","ele-1:All FHIR elements must have a @value or children {hasValue() or (children().count() > id.count())}
"
"Schedule.implicitRules","Schedule.implicitRules","","","",0,1,"","Y","Y","uri {[]} {[]}
","A set of rules under which this content was created","A reference to a set of rules that were followed when the resource was constructed, and which must be understood when processing the content. Often, this is a reference to an implementation guide that defines the special rules along with other profiles etc.","Asserting this rule set restricts the content to be only understood by a limited set of trading partners. This inherently limits the usefulness of the data in the long term. However, the existing health eco-system is highly fractured, and not yet ready to define, collect, and exchange data in a generally computable sense. Wherever possible, implementers and/or specification writers should avoid using this element. Often, when used, the URL is a reference to an implementation guide that defines these special rules as part of it's narrative along with other profiles, value sets, etc.","","","","","","","","",,,,,"",,,,"Resource.implicitRules",0,1,"","ele-1:All FHIR elements must have a @value or children {hasValue() or (children().count() > id.count())}
"
"Schedule.language","Schedule.language","","","",0,1,"","","","code {[]} {[]}
","Language of the resource content","The base language in which the resource is written.","Language is provided to support indexing and accessibility (typically, services such as text to speech use the language tag). The html language tag in the narrative applies  to the narrative. The language tag on the resource may be used to specify the language of other presentations generated from the data in the resource. Not all the content has to be in the base language. The Resource.language should not be assumed to apply to the narrative automatically. If a language is specified, it should it also be specified on the div element in the html (see rules in HTML5 for information about the relationship between xml:lang and the html lang attribute).","","","","","","","","",,"preferred","A human language.","http://hl7.org/fhir/ValueSet/languages|4.0.1","",,,,"Resource.language",0,1,"","ele-1:All FHIR elements must have a @value or children {hasValue() or (children().count() > id.count())}
"
"Schedule.text","Schedule.text","","narrative
htmlxhtmldisplay","",0,1,"","","","Narrative {[]} {[]}
","Text summary of the resource, for human interpretation","A human-readable narrative that contains a summary of the resource and can be used to represent the content of the resource to a human. The narrative need not encode all the structured data, but is required to contain sufficient detail to make it ""clinically safe"" for a human to just read the narrative. Resource definitions may define what content should be represented in the narrative to ensure clinical safety.","Contained resources do not have narrative. Resources that are not contained SHOULD have a narrative. In some cases, a resource may only have text with little or no additional discrete data (as long as all minOccurs=1 elements are satisfied).  This may be necessary for data from legacy systems where information is captured as a ""text blob"" or where text is additionally entered raw or narrated and encoded information is added later.","","","","","","","","",,,,,"",,,,"DomainResource.text",0,1,"","ele-1:All FHIR elements must have a @value or children {hasValue() or (children().count() > id.count())}
","Act.text?"
"Schedule.contained","Schedule.contained","","inline resources
anonymous resourcescontained resources","",0,*,"","","","Resource {[]} {[]}
","Contained, inline Resources","These resources do not have an independent existence apart from the resource that contains them - they cannot be identified independently, and nor can they have their own independent transaction scope.","This should never be done when the content can be identified properly, as once identification is lost, it is extremely difficult (and context dependent) to restore it again. Contained resources may have profiles and tags In their meta elements, but SHALL NOT have security labels.","","","","","","","","",,,,,"",,,,"DomainResource.contained",0,*,"","","N/A"
"Schedule.extension","Schedule.extension","","","",0,*,"Y","","","Extension {[]} {[]}
","Extension","An Extension","","","","","","","","","",,,,,"","value:url}
","",,"open","DomainResource.extension",0,*,"","ele-1:All FHIR elements must have a @value or children {hasValue() or (children().count() > id.count())}
ext-1:Must have either extensions or value[x], not both {extension.exists() != value.exists()}"
"Schedule.extension:KalenderName","Schedule.extension","KalenderName","","",0,1,"Y","","","Extension {[CanonicalType[http://hl7.org/fhir/5.0/StructureDefinition/extension-Schedule.name]]} {[]}
","Optional Extensions Element","Optional Extension Element - found in all resources.","Begründung Must-Support-Flag (MS): Die KalenderName-Extension ermöglicht es einen menschenlesbaren Namen zu definieren, welcher zur Wiedererkennbarkeit des Kalenders im Rahmen der Terminplanung dient.","","","","","","","","",,,,,"",,,,"DomainResource.extension",0,*,"ele-1
","ele-1:All FHIR elements must have a @value or children {hasValue() or (children().count() > id.count())}
ext-1:Must have either extensions or value[x], not both {extension.exists() != value.exists()}","n/a","N/A"
"Schedule.extension:KalenderName.id","Schedule.extension.id","","","",0,1,"","","","string {[]} {[]}
","Unique id for inter-element referencing","Unique id for the element within a resource (for internal references). This may be any string value that does not contain spaces.","","","","","","","","","",,,,,"",,,,"Element.id",0,1,"","","n/a"
"Schedule.extension:KalenderName.extension","Schedule.extension.extension","","","",0,0,"","","","Extension {[]} {[]}
","Extension","An Extension","","","","","","","","","",,,,,"","value:url}
","Extensions are always sliced by (at least) url",,"open","Element.extension",0,*,"","ele-1:All FHIR elements must have a @value or children {hasValue() or (children().count() > id.count())}
ext-1:Must have either extensions or value[x], not both {extension.exists() != value.exists()}"
"Schedule.extension:KalenderName.url","Schedule.extension.url","","","",1,1,"","","","uri {[]} {[]}
","identifies the meaning of the extension","Source of the definition for the extension code - a logical name or a URL.","The definition may point directly to a computable or human-readable definition of the extensibility codes, or it may be a logical URI as declared in some other specification. The definition SHALL be a URI for the Structure Definition defining the extension.","","","","<valueUri xmlns=""http://hl7.org/fhir"" value=""http://hl7.org/fhir/5.0/StructureDefinition/extension-Schedule.name""/>","","","","",,,,,"",,,,"Extension.url",1,1,"","","N/A"
"Schedule.extension:KalenderName.value[x]","Schedule.extension.value[x]","","","",1,1,"","","","string {[]} {[]}
","Value of extension","Value of extension - must be one of a constrained set of the data types (see [Extensibility](http://hl7.org/fhir/R4/extensibility.html) for a list).","","","","","","","","","",,,,,"",,,,"Extension.value[x]",0,1,"","ele-1:All FHIR elements must have a @value or children {hasValue() or (children().count() > id.count())}
","N/A"
"Schedule.modifierExtension","Schedule.modifierExtension","","extensions
user content","",0,*,"","Y","","Extension {[]} {[]}
","Extensions that cannot be ignored","May be used to represent additional information that is not part of the basic definition of the resource and that modifies the understanding of the element that contains it and/or the understanding of the containing element's descendants. Usually modifier elements provide negation or qualification. To make the use of extensions safe and manageable, there is a strict set of governance applied to the definition and use of extensions. Though any implementer is allowed to define an extension, there is a set of requirements that SHALL be met as part of the definition of the extension. Applications processing a resource are required to check for modifier extensions.

Modifier extensions SHALL NOT change the meaning of any elements on Resource or DomainResource (including cannot change the meaning of modifierExtension itself).","There can be no stigma associated with the use of extensions by any application, project, or standard - regardless of the institution or jurisdiction that uses or defines the extensions.  The use of extensions is what allows the FHIR specification to retain a core level of simplicity for everyone.","Modifier extensions allow for extensions that *cannot* be safely ignored to be clearly distinguished from the vast majority of extensions which can be safely ignored.  This promotes interoperability by eliminating the need for implementers to prohibit the presence of extensions. For further information, see the [definition of modifier extensions](http://hl7.org/fhir/R4/extensibility.html#modifierExtension).","","","","","","","",,,,,"",,,,"DomainResource.modifierExtension",0,*,"","ele-1:All FHIR elements must have a @value or children {hasValue() or (children().count() > id.count())}
ext-1:Must have either extensions or value[x], not both {extension.exists() != value.exists()}","N/A"
"Schedule.identifier","Schedule.identifier","","","",0,*,"","","Y","Identifier {[]} {[]}
","External Ids for this item","External Ids for this item.","","","","","","","","","",,,,,"",,,,"Schedule.identifier",0,*,"","ele-1:All FHIR elements must have a @value or children {hasValue() or (children().count() > id.count())}
","UID","FiveWs.identifier"
"Schedule.active","Schedule.active","","","",1,1,"Y","Y","Y","boolean {[]} {[]}
","Gibt an, ob der Kalender aktiv ist","Whether this schedule record is in active use or should not be used (such as was entered in error).","Begründung Kardinalität und Must-Support-Flag (MS): Die Kardinalität 1..1 und das Must-Support-Flag (MS) für das 'active'-Element stellen sicher, dass jeder Kalender eindeutig als aktiv oder inaktiv gekennzeichnet ist. Dies ist entscheidend für die Ressourcenplanung und Verfügbarkeit von Terminen.","","","This resource is generally assumed to be active if no value is provided for the active element","","","","","",,,,,"",,,,"Schedule.active",0,1,"","ele-1:All FHIR elements must have a @value or children {hasValue() or (children().count() > id.count())}
","FiveWs.status"
"Schedule.serviceCategory","Schedule.serviceCategory","","","",0,*,"","","Y","CodeableConcept {[]} {[]}
","High-level category","A broad categorization of the service that is to be performed during this appointment.","","","","","","","","","",,"example","","http://hl7.org/fhir/ValueSet/service-category|4.0.1","",,,,"Schedule.serviceCategory",0,*,"","ele-1:All FHIR elements must have a @value or children {hasValue() or (children().count() > id.count())}
","FiveWs.class"
"Schedule.serviceType","Schedule.serviceType","","","",1,*,"Y","","Y","CodeableConcept {[]} {[]}
","Die Art der Dienstleistung, die der Kalender abdeckt","The specific service that is to be performed during this appointment.","Begründung zu Kardinalität und Must Support: Die Dienstleistungsart eines Termins ist von entscheidender Bedeutung, um die Verfügbarkeit und Planung des Termins zu gewährleisten. Daher ist dieses Feld verpflichtend (1..*) und muss unterstützt werden (MS). Aufgrund der Heterogenität von Dienstleistungen ist eine standardisierte Kodierung nicht zwingend notwendig, eine Freitextbeschreibung ist ausreichend.","","","","","","","","",,"example","","http://hl7.org/fhir/ValueSet/service-type|4.0.1","",,,,"Schedule.serviceType",0,*,"","ele-1:All FHIR elements must have a @value or children {hasValue() or (children().count() > id.count())}
","n/a","FiveWs.class"
"Schedule.serviceType.id","Schedule.serviceType.id","","","",0,1,"","","","string {[]} {[]}
","Unique id for inter-element referencing","Unique id for the element within a resource (for internal references). This may be any string value that does not contain spaces.","","","","","","","","","",,,,,"",,,,"Element.id",0,1,"","","n/a"
"Schedule.serviceType.extension","Schedule.serviceType.extension","","extensions
user content","",0,*,"","","","Extension {[]} {[]}
","Additional content defined by implementations","May be used to represent additional information that is not part of the basic definition of the element. To make the use of extensions safe and manageable, there is a strict set of governance  applied to the definition and use of extensions. Though any implementer can define an extension, there is a set of requirements that SHALL be met as part of the definition of the extension.","There can be no stigma associated with the use of extensions by any application, project, or standard - regardless of the institution or jurisdiction that uses or defines the extensions.  The use of extensions is what allows the FHIR specification to retain a core level of simplicity for everyone.","","","","","","","","",,,,,"","value:url}
","Extensions are always sliced by (at least) url",,"open","Element.extension",0,*,"","ele-1:All FHIR elements must have a @value or children {hasValue() or (children().count() > id.count())}
ext-1:Must have either extensions or value[x], not both {extension.exists() != value.exists()}","n/a"
"Schedule.serviceType.coding","Schedule.serviceType.coding","","","",0,*,"","","Y","Coding {[]} {[]}
","Code defined by a terminology system","A reference to a code defined by a terminology system.","Codes may be defined very casually in enumerations, or code lists, up to very formal definitions such as SNOMED CT - see the HL7 v3 Core Principles for more information.  Ordering of codings is undefined and SHALL NOT be used to infer meaning. Generally, at most only one of the coding values will be labeled as UserSelected = true.","Allows for alternative encodings within a code system, and translations to other code systems.","","","","","","","",,,,,"",,,,"CodeableConcept.coding",0,*,"","ele-1:All FHIR elements must have a @value or children {hasValue() or (children().count() > id.count())}
","union(., ./translation)"
"Schedule.serviceType.text","Schedule.serviceType.text","","","",0,1,"Y","","Y","string {[]} {[]}
","Plain text representation of the concept","A human language representation of the concept as seen/selected/uttered by the user who entered the data and/or which represents the intended meaning of the user.","Very often the text is the same as a displayName of one of the codings.","The codes from the terminologies do not always capture the correct meaning with all the nuances of the human using them, or sometimes there is no appropriate code at all. In these cases, the text is used to capture the full meaning of the source.","","","","","","","",,,,,"",,,,"CodeableConcept.text",0,1,"","ele-1:All FHIR elements must have a @value or children {hasValue() or (children().count() > id.count())}
","./originalText[mediaType/code=""text/plain""]/data"
"Schedule.specialty","Schedule.specialty","","","",1,*,"Y","","Y","CodeableConcept {[]} {[]}
","Die Fachrichtung, die der Kalender abdeckt","The specialty of a practitioner that would be required to perform the service requested in this appointment.","Hinweis: Ein Kalender kann für einen Akteur gepflegt werden. Dieser Akteur kann in einer oder mehreren Fachrichtungen agieren. Für die Ressourcenplanung (z.B. welche Akteure sind für einen Termin verfügbar) sollte auch auf die Speciality des Akteurs zurückgegriffen werden für den Fall, dass ein Kalender pro Fachbereich - d.h. Akteur-übergreifend - gepflegt wird. 
  
  Begründung Kardinalität Must-Support-Flag (MS): Die Kardinalität 1..* und das Must-Support-Flag (MS) für das 'specialty'-Element stellen sicher, dass jeder Kalender mindestens eine Fachrichtung angibt. Dies ist wichtig für die Ressourcenplanung und die Verfügbarkeit von Terminen, sodass angefragte Termine einem Fachbereich zugeordnet werden können.

  Hintergrund: Die Festlegung hat in einer Expertengruppe am 4.6.2024 stattgefunden. Diese war zuvor in einer ISiK Arbeitsgruppe bekanntgegeben worden und stand damit allen Beteiligten offen. 
  ","","","","","","","","",,"preferred","Additional details about where the content was created (e.g. clinical specialty).","http://hl7.org/fhir/ValueSet/c80-practice-codes|4.0.1","",,,,"Schedule.specialty",0,*,"","ele-1:All FHIR elements must have a @value or children {hasValue() or (children().count() > id.count())}
","FiveWs.class"
"Schedule.specialty.id","Schedule.specialty.id","","","",0,1,"","","","string {[]} {[]}
","Unique id for inter-element referencing","Unique id for the element within a resource (for internal references). This may be any string value that does not contain spaces.","","","","","","","","","",,,,,"",,,,"Element.id",0,1,"","","n/a"
"Schedule.specialty.extension","Schedule.specialty.extension","","extensions
user content","",0,*,"","","","Extension {[]} {[]}
","Additional content defined by implementations","May be used to represent additional information that is not part of the basic definition of the element. To make the use of extensions safe and manageable, there is a strict set of governance  applied to the definition and use of extensions. Though any implementer can define an extension, there is a set of requirements that SHALL be met as part of the definition of the extension.","There can be no stigma associated with the use of extensions by any application, project, or standard - regardless of the institution or jurisdiction that uses or defines the extensions.  The use of extensions is what allows the FHIR specification to retain a core level of simplicity for everyone.","","","","","","","","",,,,,"","value:url}
","Extensions are always sliced by (at least) url",,"open","Element.extension",0,*,"","ele-1:All FHIR elements must have a @value or children {hasValue() or (children().count() > id.count())}
ext-1:Must have either extensions or value[x], not both {extension.exists() != value.exists()}","n/a"
"Schedule.specialty.coding","Schedule.specialty.coding","","","",1,*,"Y","","Y","Coding {[]} {[]}
","Code defined by a terminology system","A reference to a code defined by a terminology system.","Begründung Kardinalität Fachrichtung: Die Kardinalität der Fachrichtung-Eigenschaft wird auf 1..1 festgelegt, um sicherzustellen, dass genau eine Fachrichtung per IHE-XDS-Kodierung vorhanden ist. Dies ist notwendig, um die Spezialisierung des Kalenders eindeutig zu definieren und eine korrekte Zuordnung zu gewährleisten.
  
  Begründung Kardinalität ErweiterterFachabteilungsschluessel: Die Kardinalität der ErweiterterFachabteilungsschluessel-Eigenschaft wird auf 0..1 festgelegt, um sicherzustellen, dass optional ein erweiterter Fachabteilungsschlüssel vorhanden sein kann.","Allows for alternative encodings within a code system, and translations to other code systems.","","","","","","","",,,,,"","pattern:$this}
","",,"open","CodeableConcept.coding",0,*,"","ele-1:All FHIR elements must have a @value or children {hasValue() or (children().count() > id.count())}
","union(., ./translation)"
"Schedule.specialty.coding:Fachrichtung","Schedule.specialty.coding","Fachrichtung","","",1,1,"Y","","Y","Coding {[]} {[]}
","Code defined by a terminology system","A reference to a code defined by a terminology system.","Die Wahl des hinterlegten ValueSets (http://ihe-d.de/ValueSets/IHEXDSpracticeSettingCode) wurde mit einem Mitglied der IHE Deutschland Arbeitsgruppe XDS ValueSets (https://www.ihe-d.de/projekte/xds-value-sets-fuer-deutschland/) sowie mit der KBV abgestimmt (Stand:13.6.2024).","Allows for alternative encodings within a code system, and translations to other code systems.","","","","","","","",,"required","","http://ihe-d.de/ValueSets/IHEXDSpracticeSettingCode","",,,,"CodeableConcept.coding",0,*,"","ele-1:All FHIR elements must have a @value or children {hasValue() or (children().count() > id.count())}
","union(., ./translation)"
"Schedule.specialty.coding:ErweiterterFachabteilungsschluessel","Schedule.specialty.coding","ErweiterterFachabteilungsschluessel","","",0,1,"","","Y","Coding {[]} {[]}
","Code defined by a terminology system","A reference to a code defined by a terminology system.","Dieses CodeSystem KANN über ein Mapping (siehe Abschnitt https://wiki.hl7.de/index.php?title=IG:Value_Sets_f%C3%BCr_XDS#DocumentEntry.practiceSettingCode) mit dem ValueSet der Fachrichtung verknüpft werden und darüber ggf. die Integration von Systemen erleichtern.","Allows for alternative encodings within a code system, and translations to other code systems.","","","","<valueCoding xmlns=""http://hl7.org/fhir"">
  <system value=""http://fhir.de/CodeSystem/dkgev/Fachabteilungsschluessel-erweitert""/>
</valueCoding>","","","",,"extensible","","http://fhir.de/ValueSet/dkgev/Fachabteilungsschluessel-erweitert","",,,,"CodeableConcept.coding",0,*,"","ele-1:All FHIR elements must have a @value or children {hasValue() or (children().count() > id.count())}
","union(., ./translation)"
"Schedule.specialty.text","Schedule.specialty.text","","","",0,1,"","","Y","string {[]} {[]}
","Plain text representation of the concept","A human language representation of the concept as seen/selected/uttered by the user who entered the data and/or which represents the intended meaning of the user.","Very often the text is the same as a displayName of one of the codings.","The codes from the terminologies do not always capture the correct meaning with all the nuances of the human using them, or sometimes there is no appropriate code at all. In these cases, the text is used to capture the full meaning of the source.","","","","","","","",,,,,"",,,,"CodeableConcept.text",0,1,"","ele-1:All FHIR elements must have a @value or children {hasValue() or (children().count() > id.count())}
","./originalText[mediaType/code=""text/plain""]/data"
"Schedule.actor","Schedule.actor","","","",1,*,"Y","","Y","Reference {[]} {[CanonicalType[http://hl7.org/fhir/StructureDefinition/Patient|4.0.1], CanonicalType[http://hl7.org/fhir/StructureDefinition/Practitioner|4.0.1], CanonicalType[http://hl7.org/fhir/StructureDefinition/PractitionerRole|4.0.1], CanonicalType[http://hl7.org/fhir/StructureDefinition/RelatedPerson|4.0.1], CanonicalType[http://hl7.org/fhir/StructureDefinition/Device|4.0.1], CanonicalType[http://hl7.org/fhir/StructureDefinition/HealthcareService|4.0.1], CanonicalType[http://hl7.org/fhir/StructureDefinition/Location|4.0.1]]}
","Der Akteur, der dem Kalender zugeordnet ist","Slots that reference this schedule resource provide the availability details to these referenced resource(s).","Begründung Kardinalität und Must-Support-Flag (MS): Die Kardinalität der Akteur-Eigenschaft wird auf 0..1 festgelegt, um sicherzustellen, dass ein  Akteur eindeutig ist, falls dieser vorhanden ist. Durch das MS wird sichergestellt, dass Systeme in der Lage sind, einen Akteur zu unterstützen, wenn er vorhanden ist.","","","","","","","","",,,,,"","type:$this}
","",,"open","Schedule.actor",1,*,"","ele-1:All FHIR elements must have a @value or children {hasValue() or (children().count() > id.count())}
","ATTENDEE:MAILTO:john_public@host2.com This can be populated with a value from the referenced resource","FiveWs.subject[x]","FiveWs.subject"
"Schedule.actor.id","Schedule.actor.id","","","",0,1,"","","","string {[]} {[]}
","Unique id for inter-element referencing","Unique id for the element within a resource (for internal references). This may be any string value that does not contain spaces.","","","","","","","","","",,,,,"",,,,"Element.id",0,1,"","","n/a"
"Schedule.actor.extension","Schedule.actor.extension","","extensions
user content","",0,*,"","","","Extension {[]} {[]}
","Additional content defined by implementations","May be used to represent additional information that is not part of the basic definition of the element. To make the use of extensions safe and manageable, there is a strict set of governance  applied to the definition and use of extensions. Though any implementer can define an extension, there is a set of requirements that SHALL be met as part of the definition of the extension.","There can be no stigma associated with the use of extensions by any application, project, or standard - regardless of the institution or jurisdiction that uses or defines the extensions.  The use of extensions is what allows the FHIR specification to retain a core level of simplicity for everyone.","","","","","","","","",,,,,"","value:url}
","Extensions are always sliced by (at least) url",,"open","Element.extension",0,*,"","ele-1:All FHIR elements must have a @value or children {hasValue() or (children().count() > id.count())}
ext-1:Must have either extensions or value[x], not both {extension.exists() != value.exists()}","n/a"
"Schedule.actor.reference","Schedule.actor.reference","","","",0,1,"","","Y","string {[]} {[]}
","Literal reference, Relative, internal or absolute URL","A reference to a location at which the other resource is found. The reference may be a relative reference, in which case it is relative to the service base URL, or an absolute URL that resolves to the location where the resource is found. The reference may be version specific or not. If the reference is not to a FHIR RESTful server, then it should be assumed to be version specific. Internal fragment references (start with '#') refer to contained resources.","Using absolute URLs provides a stable scalable approach suitable for a cloud/web context, while using relative/logical references provides a flexible approach suitable for use when trading across closed eco-system boundaries.   Absolute URLs do not need to point to a FHIR RESTful server, though this is the preferred approach. If the URL conforms to the structure ""/[type]/[id]"" then it should be assumed that the reference is to a FHIR RESTful server.","","","","","","","","",,,,,"",,,,"Reference.reference",0,1,"ref-1
","ele-1:All FHIR elements must have a @value or children {hasValue() or (children().count() > id.count())}
","N/A"
"Schedule.actor.type","Schedule.actor.type","","","",0,1,"","","Y","uri {[]} {[]}
","Type the reference refers to (e.g. ""Patient"")","The expected type of the target of the reference. If both Reference.type and Reference.reference are populated and Reference.reference is a FHIR URL, both SHALL be consistent.

The type is the Canonical URL of Resource Definition that is the type this reference refers to. References are URLs that are relative to http://hl7.org/fhir/StructureDefinition/ e.g. ""Patient"" is a reference to http://hl7.org/fhir/StructureDefinition/Patient. Absolute URLs are only allowed for logical models (and can only be used in references in logical models, not resources).","This element is used to indicate the type of  the target of the reference. This may be used which ever of the other elements are populated (or not). In some cases, the type of the target may be determined by inspection of the reference (e.g. a RESTful URL) or by resolving the target of the reference; if both the type and a reference is provided, the reference SHALL resolve to a resource of the same type as that specified.","","","","","","","","",,"extensible","Aa resource (or, for logical models, the URI of the logical model).","http://hl7.org/fhir/ValueSet/resource-types|4.0.1","",,,,"Reference.type",0,1,"","ele-1:All FHIR elements must have a @value or children {hasValue() or (children().count() > id.count())}
","N/A"
"Schedule.actor.identifier","Schedule.actor.identifier","","","",0,1,"Y","","Y","Identifier {[]} {[]}
","Logical reference, when literal reference is not known","An identifier for the target resource. This is used when there is no way to reference the other resource directly, either because the entity it represents is not available through a FHIR server, or because there is no way for the author of the resource to convert a known identifier to an actual location. There is no requirement that a Reference.identifier point to something that is actually exposed as a FHIR instance, but it SHALL point to a business concept that would be expected to be exposed as a FHIR instance, and that instance would need to be of a FHIR resource type allowed by the reference.","Begründung Must-Support-Flag (MS):
  Das Must-Support-Flag (MS) für das 'identifier'-Element stellt sicher, dass Systeme in der Lage sind, einen Identifier zu unterstützen, wenn er vorhanden ist. Dies ist wichtig für die eindeutige Identifizierung und Verknüpfung von Akteuren in verschiedenen Systemen. Inbesondere gilt dies für die genaue Identifizierung von Geräten (Device).","","","","","","","","",,,,,"",,,,"Reference.identifier",0,1,"","ele-1:All FHIR elements must have a @value or children {hasValue() or (children().count() > id.count())}
",".identifier"
"Schedule.actor.display","Schedule.actor.display","","","",0,1,"Y","","Y","string {[]} {[]}
","Text alternative for the resource","Plain text narrative that identifies the resource in addition to the resource reference.","Hinweis und Begründung zum Must Support: Für alle Target-Ressourcen SOLL ein Displaywert für die Referenz angegeben werden, sodass Systeme eine Übersicht der am Termin beteiligten Akteure anzeigen können, ohne die Referenzen auflösen zu müssen. Somit kann ein Termin-Consumer direkt anzeigen für welche Akteure ein Terminkalender existiert.
    
","","","","","","","","",,,,,"",,,,"Reference.display",0,1,"","ele-1:All FHIR elements must have a @value or children {hasValue() or (children().count() > id.count())}
","N/A"
"Schedule.actor:Akteur","Schedule.actor","Akteur","","",0,1,"Y","","Y","Reference {[]} {[CanonicalType[http://hl7.org/fhir/StructureDefinition/Practitioner], CanonicalType[http://hl7.org/fhir/StructureDefinition/HealthcareService], CanonicalType[http://hl7.org/fhir/StructureDefinition/Location]]}
","Resource(s) that availability information is being provided for","Slots that reference this schedule resource provide the availability details to these referenced resource(s).","Im ISIK-Kontext MUSS die referenzierte Practitioner-Ressource konform zum [ISiKPersonImGesundheitsberuf](https://gematik.de/fhir/isik/StructureDefinition/ISiKPersonImGesundheitsberuf) des Basismoduls sein. Zudem MUSS die referenzierte Location-Ressource konform zum [ISiKStandort](https://gematik.de/fhir/isik/StructureDefinition/ISiKStandort) des Basismoduls sein. Dieses Element dient dazu, alle Akteure zu gruppieren, sodass für diese Einheit von Terminressourcen ein Terminblock herausgegeben werden kann. Unter 'Akteure' fallen hier auch Standorte und Dienstleistungen.","","","","","","","","",,,,,"",,,,"Schedule.actor",1,*,"","ele-1:All FHIR elements must have a @value or children {hasValue() or (children().count() > id.count())}
","ATTENDEE:MAILTO:john_public@host2.com This can be populated with a value from the referenced resource","FiveWs.subject[x]","FiveWs.subject"
"Schedule.actor:Akteur.id","Schedule.actor.id","","","",0,1,"","","","string {[]} {[]}
","Unique id for inter-element referencing","Unique id for the element within a resource (for internal references). This may be any string value that does not contain spaces.","","","","","","","","","",,,,,"",,,,"Element.id",0,1,"","","n/a"
"Schedule.actor:Akteur.extension","Schedule.actor.extension","","extensions
user content","",0,*,"","","","Extension {[]} {[]}
","Additional content defined by implementations","May be used to represent additional information that is not part of the basic definition of the element. To make the use of extensions safe and manageable, there is a strict set of governance  applied to the definition and use of extensions. Though any implementer can define an extension, there is a set of requirements that SHALL be met as part of the definition of the extension.","There can be no stigma associated with the use of extensions by any application, project, or standard - regardless of the institution or jurisdiction that uses or defines the extensions.  The use of extensions is what allows the FHIR specification to retain a core level of simplicity for everyone.","","","","","","","","",,,,,"","value:url}
","Extensions are always sliced by (at least) url",,"open","Element.extension",0,*,"","ele-1:All FHIR elements must have a @value or children {hasValue() or (children().count() > id.count())}
ext-1:Must have either extensions or value[x], not both {extension.exists() != value.exists()}","n/a"
"Schedule.actor:Akteur.reference","Schedule.actor.reference","","","",1,1,"Y","","Y","string {[]} {[]}
","Literal reference, Relative, internal or absolute URL","A reference to a location at which the other resource is found. The reference may be a relative reference, in which case it is relative to the service base URL, or an absolute URL that resolves to the location where the resource is found. The reference may be version specific or not. If the reference is not to a FHIR RESTful server, then it should be assumed to be version specific. Internal fragment references (start with '#') refer to contained resources.","Begründung Kardinalität: Die Kardinalität der Akteur-Eigenschaft wird auf 1..1 festgelegt, um sicherzustellen, dass ein eindeutiger Akteur vorhanden ist.","","","","","","","","",,,,,"",,,,"Reference.reference",0,1,"ref-1
","ele-1:All FHIR elements must have a @value or children {hasValue() or (children().count() > id.count())}
","N/A"
"Schedule.actor:Akteur.type","Schedule.actor.type","","","",0,1,"","","Y","uri {[]} {[]}
","Type the reference refers to (e.g. ""Patient"")","The expected type of the target of the reference. If both Reference.type and Reference.reference are populated and Reference.reference is a FHIR URL, both SHALL be consistent.

The type is the Canonical URL of Resource Definition that is the type this reference refers to. References are URLs that are relative to http://hl7.org/fhir/StructureDefinition/ e.g. ""Patient"" is a reference to http://hl7.org/fhir/StructureDefinition/Patient. Absolute URLs are only allowed for logical models (and can only be used in references in logical models, not resources).","This element is used to indicate the type of  the target of the reference. This may be used which ever of the other elements are populated (or not). In some cases, the type of the target may be determined by inspection of the reference (e.g. a RESTful URL) or by resolving the target of the reference; if both the type and a reference is provided, the reference SHALL resolve to a resource of the same type as that specified.","","","","","","","","",,"extensible","Aa resource (or, for logical models, the URI of the logical model).","http://hl7.org/fhir/ValueSet/resource-types|4.0.1","",,,,"Reference.type",0,1,"","ele-1:All FHIR elements must have a @value or children {hasValue() or (children().count() > id.count())}
","N/A"
"Schedule.actor:Akteur.identifier","Schedule.actor.identifier","","","",0,1,"Y","","Y","Identifier {[]} {[]}
","Logical reference, when literal reference is not known","An identifier for the target resource. This is used when there is no way to reference the other resource directly, either because the entity it represents is not available through a FHIR server, or because there is no way for the author of the resource to convert a known identifier to an actual location. There is no requirement that a Reference.identifier point to something that is actually exposed as a FHIR instance, but it SHALL point to a business concept that would be expected to be exposed as a FHIR instance, and that instance would need to be of a FHIR resource type allowed by the reference.","Begründung Must-Support-Flag (MS):
  Das Must-Support-Flag (MS) für das 'identifier'-Element stellt sicher, dass Systeme in der Lage sind, einen Identifier zu unterstützen, wenn er vorhanden ist. Dies ist wichtig für die eindeutige Identifizierung und Verknüpfung von Akteuren in verschiedenen Systemen. Inbesondere gilt dies für die genaue Identifizierung von Geräten (Device).","","","","","","","","",,,,,"",,,,"Reference.identifier",0,1,"","ele-1:All FHIR elements must have a @value or children {hasValue() or (children().count() > id.count())}
",".identifier"
"Schedule.actor:Akteur.display","Schedule.actor.display","","","",0,1,"Y","","Y","string {[]} {[]}
","Text alternative for the resource","Plain text narrative that identifies the resource in addition to the resource reference.","Hinweis und Begründung zum Must Support: Für alle Target-Ressourcen SOLL ein Displaywert für die Referenz angegeben werden, sodass Systeme eine Übersicht der am Termin beteiligten Akteure anzeigen können, ohne die Referenzen auflösen zu müssen. Somit kann ein Termin-Consumer direkt anzeigen für welche Akteure ein Terminkalender existiert.
    
","","","","","","","","",,,,,"",,,,"Reference.display",0,1,"","ele-1:All FHIR elements must have a @value or children {hasValue() or (children().count() > id.count())}
","N/A"
"Schedule.planningHorizon","Schedule.planningHorizon","","","",0,1,"","","Y","Period {[]} {[]}
","Period of time covered by schedule","The period of time that the slots that reference this Schedule resource cover (even if none exist). These  cover the amount of time that an organization's planning horizon; the interval for which they are currently accepting appointments. This does not define a ""template"" for planning outside these dates.","","","","","","","","","",,,,,"",,,,"Schedule.planningHorizon",0,1,"","ele-1:All FHIR elements must have a @value or children {hasValue() or (children().count() > id.count())}
","DTSTART:20131201T003000Z DTEND:2014030101T003000Z","FiveWs.planned"
"Schedule.comment","Schedule.comment","","","",0,1,"","","","string {[]} {[]}
","Comments on availability","Comments on the availability to describe any extended information. Such as custom constraints on the slots that may be associated.","","","","","","","","","",,,,,"",,,,"Schedule.comment",0,1,"","ele-1:All FHIR elements must have a @value or children {hasValue() or (children().count() > id.count())}
","COMMENT:(comment) If there is no comment, then the line can be excluded from the iCalendar entry"
