URL,Version,Status,OIDs,Name,Title,Description,Uses,Used,Sources
http://example.org/fhir/ValueSet/TestValueSet,6.0.0-rc,active,,TestValueSet,,"",,
http://fhir.de/ValueSet/DiagnoseTyp,1.5.4,active,,DiagnoseTyp,DiagnoseTyp ValueSet,"DiagnoseTyp ValueSet","StructureDefinition/ISiKKontaktGesundheitseinrichtung","de.basisprofil.r4"
http://fhir.de/ValueSet/Diagnosesubtyp,1.5.4,active,,Diagnosesubtyp,Diagnosesubtyp ValueSet,"Diagnosesubtyp ValueSet","StructureDefinition/ISiKKontaktGesundheitseinrichtung","de.basisprofil.r4,THO"
http://fhir.de/ValueSet/EncounterClassDE,1.5.4,active,,EncounterClassDE,EncounterClassDE,"Fallarten und Patientenstatus zur Codierung von Encounter.class","StructureDefinition/ISiKKontaktGesundheitseinrichtung","THO (V3)"
http://fhir.de/ValueSet/EncounterStatusDe,1.5.4,active,,EncounterStatusDe,Encounter Status ValueSet,"Einschränkung von Encounter Status in Vorbereitung auf Änderungen in FHIR R5","StructureDefinition/ISiKKontaktGesundheitseinrichtung","hl7.fhir.r4.core"
http://fhir.de/ValueSet/dgkev/Aufnahmeanlass,1.5.4,active,,AufnahmeanlassVS,Aufnahmeanlass ValueSet,"Aufnahmeanlass, Datenübermittlung nach § 301 Abs. 3 SGB V","StructureDefinition/ISiKKontaktGesundheitseinrichtung","de.basisprofil.r4"
http://fhir.de/ValueSet/dkgev/Fachabteilungsschluessel,1.5.4,active,,FachabteilungsschluesselVS,Fachabteilungsschlüssel ValueSet,"Fachabteilungen gemäß Anhang 1 der BPflV in der am 31.12.2003 geltenden Fassung","StructureDefinition/ISiKKontaktGesundheitseinrichtung","de.basisprofil.r4"
http://fhir.de/ValueSet/dkgev/Fachabteilungsschluessel-erweitert,1.5.4,active,,ValueSetFachabteilungsschluesselErweitert,FachabteilungsschluesselErweitert ValueSet,"Fachabteilungen gemäß Anhang 1 der BPflV in der am 31.12.2003 geltenden Fassung inkl. Spezialisierungen","StructureDefinition/ISiKKontaktGesundheitseinrichtung,StructureDefinition/ISiKOrganisation,StructureDefinition/ISiKOrganisationFachabteilung","de.basisprofil.r4"
http://fhir.de/ValueSet/kontaktart-de,1.5.4,active,,KontaktartDe,KontaktartDe ValueSet,"Kontaktarten für die Codierung von Encounter.type","StructureDefinition/ISiKKontaktGesundheitseinrichtung","de.basisprofil.r4"
http://fhir.de/ValueSet/kontaktebene-de,1.5.4,active,,KontaktebeneDe,KontaktebeneDe ValueSet,"Kontaktebene für die Codierung von Encounter.type","StructureDefinition/ISiKKontaktGesundheitseinrichtung","de.basisprofil.r4"
http://hl7.org/fhir/ValueSet/organization-type,4.0.1,draft,"2.16.840.1.113883.4.642.3.414",OrganizationType,Organization type,"This example value set defines a set of codes that can be used to indicate a type of organization.","StructureDefinition/ISiKOrganisation","THO"
http://hl7.org/fhir/ValueSet/resource-types,4.0.1,active,"2.16.840.1.113883.4.642.3.27",ResourceType,ResourceType,"One of the resource types defined as part of this version of FHIR.","StructureDefinition/ISiKValueSet","hl7.fhir.r4.core"
http://ihe-d.de/ValueSets/IHEXDShealthcareFacilityTypeCode,2021-07-06T21:23:52,active,"1.2.276.0.76.11.36",IHEXDShealthcareFacilityTypeCode,IHE XDS healthcareFacilityTypeCode,"**healthcareFacilityTypeCode (XDSDocumentEntry)**  This code for an XDS Document represents the type of organizational setting of the clinical encounter during which the documented act occurred.","StructureDefinition/ISiKOrganisation",
http://ihe-d.de/ValueSets/IHEXDSpracticeSettingCode,2019-05-17T13:46:31,active,"1.2.276.0.76.11.37",IHEXDSpracticeSettingCode,IHE XDS practiceSettingCode,"**practiceSettingCode (XDSDocumentEntry)**  The code for an XDS Document that specifies the clinical specialty where the act that resulted in the document was performed (e.g., Family Practice, Laboratory, Radiology).","StructureDefinition/ISiKOrganisationFachabteilung",
http://terminology.hl7.org/ValueSet/conformance-expectation,1.0.0,draft,"2.16.840.1.113883.4.642.3.919",ConformanceExpectation,ConformanceExpectation,"Indicates the degree of adherence to a specified behavior or capability expected for a system to be deemed conformant with a specification.","StructureDefinition/ExtensionISiKCapabilityStatementImportsExpectation","THO"
http://terminology.hl7.org/ValueSet/v2-0116,2.0.0,active,"2.16.840.1.113883.21.51",Hl7VSBedStatus,hl7VS-bedStatus,"Value Set of codes that specify the state of a bed in an inpatient setting, and is used to determine if a patient may be assigned to it or not.","StructureDefinition/ISiKStandortRaum,StructureDefinition/ISiKStandortBettenstellplatz","THO (V2)"
http://terminology.hl7.org/ValueSet/yes-no-unknown-not-asked,1.0.0,active,,YesNoUnknownNotAsked,Yes No Unknown NotAsked,"This value set contains 4 concepts commonly used as answers to items in a questionnaire.","StructureDefinition/ISiKAlkoholAbusus","THO (V2)"
https://gematik.de/fhir/isik/ValueSet/DiagnosesSCT,6.0.0-rc,active,,DiagnosesSCT,,"Enthaelt alle SNOMED Clinical finding, Event und Situation with explicit context codes","StructureDefinition/ISiKDiagnose","SCT"
https://gematik.de/fhir/isik/ValueSet/ISiKLocationPhysicalType,6.0.0-rc,active,,ISiKLocationPhysicalType,,"Dieses Valueset beinhaltet die für ISiK Kodierbaren Standort-Typen","StructureDefinition/ISiKKontaktGesundheitseinrichtung","THO"
https://gematik.de/fhir/isik/ValueSet/ProzedurenCodesSCT,6.0.0-rc,active,,ProzedurenCodesSCT,,"Enthaelt alle SNOMED Procedure Codes","StructureDefinition/ISiKProzedur","SCT"
https://gematik.de/fhir/isik/ValueSet/ProzedurenKategorieSCT,6.0.0-rc,active,,ProzedurenKategorieSCT,,"Enthaelt alle SNOMED Codes für ein Mapping der OPS Klassentitel","StructureDefinition/ISiKProzedur","SCT"
https://gematik.de/fhir/isik/ValueSet/SchwangerschaftEtMethodeVS,6.0.0-rc,active,,SchwangerschaftEtMethodeVS,Schwangerschaft Erwarteter Entbindungstermin Methode,"Dieses Valueset enthält die Codes zur Beschreibung der Methode zur Bestimmung des erwarteten Entbindungstermins bei einer Schwangerschaft.","StructureDefinition/ISiKSchwangerschaftErwarteterEntbindungstermin","LOINC"
https://gematik.de/fhir/isik/ValueSet/SchwangerschaftsstatusVS,6.0.0-rc,active,,SchwangerschaftsstatusVS,Schwangerschaftsstatus Valueset,"Dieses Valueset enthält die Codes zur Beschreibung des Schwangerschaftsstatus einer Patientin.","StructureDefinition/ISiKSchwangerschaftsstatus","LOINC"
https://gematik.de/fhir/isik/ValueSet/StillstatusVS,6.0.0-rc,active,,StillstatusVS,Stillstatus LOINC Antwortoptionen,"Dieses Valueset enthält die Codes zur Beschreibung von Stillstatus LOINC.","StructureDefinition/ISiKStillstatus","LOINC"
https://gematik.de/fhir/isik/ValueSet/current-smoking-status-uv-ips,6.0.0-rc,active,,CurrentSmokingStatusUvIps,Current Smoking Status - IPS,"HL7 LOINC value set for smoking status.  Based on the HL7 Vocab and Structured Doc WG (formerly TC) consensus - per US CDC submission 7/12/2012 for smoking status terms.","StructureDefinition/ISiKRaucherStatus","LOINC"
