"Id","Path","Slice Name","Alias(s)","Label","Min","Max","Must Support?","Is Modifier?","Is Summary?","Type(s)","Short","Definition","Comments","Requirements","Default Value","Meaning When Missing","Fixed Value","Pattern","Example","Minimum Value","Maximum Value","Maximum Length","Binding Strength","Binding Description","Binding Value Set","Code","Slicing Discriminator","Slicing Description","Slicing Ordered","Slicing Rules","Base Path","Base Min","Base Max","Condition(s)","Constraint(s)","Mapping: RIM Mapping","Mapping: Workflow Pattern","Mapping: FiveWs Pattern Mapping","Mapping: Object Implementation Information"
"CodeSystem","CodeSystem","","","",0,*,"","","","null {[]} {[]}
","Declares the existence of and describes a code system or code system supplement","The CodeSystem resource is used to declare the existence of and describe a code system or code system supplement and its key properties, and optionally define a part or all of its content.","","","","","","","","","",,,,,"",,,,"CodeSystem",0,*,"","csd-0:Name should be usable as an identifier for the module by machine processing applications such as code generation {name.matches('[A-Z]([A-Za-z0-9_]){0,254}')}
csd-1:Within a code system definition, all the codes SHALL be unique {concept.code.combine($this.descendants().concept.code).isDistinct()}dom-2:If the resource is contained in another resource, it SHALL NOT contain nested Resources {contained.contained.empty()}dom-3:If the resource is contained in another resource, it SHALL be referred to from elsewhere in the resource or SHALL refer to the containing resource {contained.where((('#'+id in (%resource.descendants().reference | %resource.descendants().as(canonical) | %resource.descendants().as(uri) | %resource.descendants().as(url))) or descendants().where(reference = '#').exists() or descendants().where(as(canonical) = '#').exists() or descendants().where(as(canonical) = '#').exists()).not()).trace('unmatched', id).empty()}dom-4:If a resource is contained in another resource, it SHALL NOT have a meta.versionId or a meta.lastUpdated {contained.meta.versionId.empty() and contained.meta.lastUpdated.empty()}dom-5:If a resource is contained in another resource, it SHALL NOT have a security label {contained.meta.security.empty()}dom-6:A resource should have narrative for robust management {text.`div`.exists()}","Entity. Role, or Act","N/A"
"CodeSystem.id","CodeSystem.id","","","",0,1,"Y","","Y","id {[]} {[]}
","serverseitige, interne ID des Datensatzes","The logical id of the resource, as used in the URL for the resource. Once assigned, this value never changes.","**bedingtes Pflichtfeld/bedingtes MS:** Alle von einem Server bereitgestellten Ressourcen MÜSSEN über eine `id` verfügen.
  Von Clients erzeugte Ressourcen, die im Kontext einer CREATE-Interaktion übermittelt werden, MÜSSEN NICHT über eine `id`verfügen. ","","","","","","","","",,,,,"",,,,"Resource.id",0,1,"",""
"CodeSystem.meta","CodeSystem.meta","","","",0,1,"","","Y","Meta {[]} {[]}
","Metadata about the resource","The metadata about the resource. This is content that is maintained by the infrastructure. Changes to the content might not always be associated with version changes to the resource.","","","","","","","","","",,,,,"",,,,"Resource.meta",0,1,"","ele-1:All FHIR elements must have a @value or children {hasValue() or (children().count() > id.count())}
"
"CodeSystem.meta.id","CodeSystem.meta.id","","","",0,1,"","","","string {[]} {[]}
","Unique id for inter-element referencing","Unique id for the element within a resource (for internal references). This may be any string value that does not contain spaces.","","","","","","","","","",,,,,"",,,,"Element.id",0,1,"","","n/a"
"CodeSystem.meta.extension","CodeSystem.meta.extension","","extensions
user content","",0,*,"","","","Extension {[]} {[]}
","Additional content defined by implementations","May be used to represent additional information that is not part of the basic definition of the element. To make the use of extensions safe and manageable, there is a strict set of governance  applied to the definition and use of extensions. Though any implementer can define an extension, there is a set of requirements that SHALL be met as part of the definition of the extension.","There can be no stigma associated with the use of extensions by any application, project, or standard - regardless of the institution or jurisdiction that uses or defines the extensions.  The use of extensions is what allows the FHIR specification to retain a core level of simplicity for everyone.","","","","","","","","",,,,,"","value:url}
","Extensions are always sliced by (at least) url",,"open","Element.extension",0,*,"","ele-1:All FHIR elements must have a @value or children {hasValue() or (children().count() > id.count())}
ext-1:Must have either extensions or value[x], not both {extension.exists() != value.exists()}","n/a"
"CodeSystem.meta.versionId","CodeSystem.meta.versionId","","","",0,1,"","","Y","id {[]} {[]}
","Eindeutiger Name der serverseitigen Version des Datensatzes","The version specific identifier, as it appears in the version portion of the URL. This value changes when the resource is created, updated, or deleted.","Alle von einem Server bereitgestellten Ressourcen SOLLEN über eine `versionID` verfügen.
  Von Clients erzeugte Ressourcen, die im Kontext einer CREATE-Interaktion übermittelt werden, MÜSSEN NICHT über eine `versionID`verfügen. ","","","","","","","","",,,,,"",,,,"Meta.versionId",0,1,"","ele-1:All FHIR elements must have a @value or children {hasValue() or (children().count() > id.count())}
"
"CodeSystem.meta.lastUpdated","CodeSystem.meta.lastUpdated","","","",0,1,"","","Y","instant {[]} {[]}
","Zeitpunkt der letzten Änderung","When the resource last changed - e.g. when the version changed.","Alle von einem Server bereitgestellten Ressourcen SOLLEN über ein `lastUpdate` verfügen.
  Von Clients erzeugte Ressourcen, die im Kontext einer CREATE-Interaktion übermittelt werden, MÜSSEN NICHT über ein `lastUpdate`verfügen. ","","","","","","","","",,,,,"",,,,"Meta.lastUpdated",0,1,"","ele-1:All FHIR elements must have a @value or children {hasValue() or (children().count() > id.count())}
"
"CodeSystem.meta.source","CodeSystem.meta.source","","","",0,1,"","","Y","uri {[]} {[]}
","Identifies where the resource comes from","A uri that identifies the source system of the resource. This provides a minimal amount of [Provenance](http://hl7.org/fhir/R4/provenance.html#) information that can be used to track or differentiate the source of information in the resource. The source may identify another FHIR server, document, message, database, etc.","In the provenance resource, this corresponds to Provenance.entity.what[x]. The exact use of the source (and the implied Provenance.entity.role) is left to implementer discretion. Only one nominated source is allowed; for additional provenance details, a full Provenance resource should be used. 

This element can be used to indicate where the current master source of a resource that has a canonical URL if the resource is no longer hosted at the canonical URL.","","","","","","","","",,,,,"",,,,"Meta.source",0,1,"","ele-1:All FHIR elements must have a @value or children {hasValue() or (children().count() > id.count())}
"
"CodeSystem.meta.profile","CodeSystem.meta.profile","","","",0,*,"","","Y","canonical {[]} {[CanonicalType[http://hl7.org/fhir/StructureDefinition/StructureDefinition|4.0.1]]}
","Profiles this resource claims to conform to","A list of profiles (references to [StructureDefinition](http://hl7.org/fhir/R4/structuredefinition.html#) resources) that this resource claims to conform to. The URL is a reference to [StructureDefinition.url](http://hl7.org/fhir/R4/structuredefinition-definitions.html#StructureDefinition.url).","It is up to the server and/or other infrastructure of policy to determine whether/how these claims are verified and/or updated over time.  The list of profile URLs is a set.","","","","","","","","",,,,,"",,,,"Meta.profile",0,*,"","ele-1:All FHIR elements must have a @value or children {hasValue() or (children().count() > id.count())}
"
"CodeSystem.meta.security","CodeSystem.meta.security","","","",0,*,"","","Y","Coding {[]} {[]}
","Security Labels applied to this resource","Security labels applied to this resource. These tags connect specific resources to the overall security policy and infrastructure.","The security labels can be updated without changing the stated version of the resource. The list of security labels is a set. Uniqueness is based the system/code, and version and display are ignored.","","","","","","","","",,"extensible","Security Labels from the Healthcare Privacy and Security Classification System.","http://hl7.org/fhir/ValueSet/security-labels|4.0.1","",,,,"Meta.security",0,*,"","ele-1:All FHIR elements must have a @value or children {hasValue() or (children().count() > id.count())}
"
"CodeSystem.meta.tag","CodeSystem.meta.tag","","","",0,*,"","","Y","Coding {[]} {[]}
","Tags applied to this resource","Tags applied to this resource. Tags are intended to be used to identify and relate resources to process and workflow, and applications are not required to consider the tags when interpreting the meaning of a resource.","The tags can be updated without changing the stated version of the resource. The list of tags is a set. Uniqueness is based the system/code, and version and display are ignored.","","","","","","","","",,"example","Codes that represent various types of tags, commonly workflow-related; e.g. ""Needs review by Dr. Jones"".","http://hl7.org/fhir/ValueSet/common-tags|4.0.1","",,,,"Meta.tag",0,*,"","ele-1:All FHIR elements must have a @value or children {hasValue() or (children().count() > id.count())}
"
"CodeSystem.implicitRules","CodeSystem.implicitRules","","","",0,1,"","Y","Y","uri {[]} {[]}
","A set of rules under which this content was created","A reference to a set of rules that were followed when the resource was constructed, and which must be understood when processing the content. Often, this is a reference to an implementation guide that defines the special rules along with other profiles etc.","Asserting this rule set restricts the content to be only understood by a limited set of trading partners. This inherently limits the usefulness of the data in the long term. However, the existing health eco-system is highly fractured, and not yet ready to define, collect, and exchange data in a generally computable sense. Wherever possible, implementers and/or specification writers should avoid using this element. Often, when used, the URL is a reference to an implementation guide that defines these special rules as part of it's narrative along with other profiles, value sets, etc.","","","","","","","","",,,,,"",,,,"Resource.implicitRules",0,1,"","ele-1:All FHIR elements must have a @value or children {hasValue() or (children().count() > id.count())}
"
"CodeSystem.language","CodeSystem.language","","","",0,1,"","","","code {[]} {[]}
","Language of the resource content","The base language in which the resource is written.","Language is provided to support indexing and accessibility (typically, services such as text to speech use the language tag). The html language tag in the narrative applies  to the narrative. The language tag on the resource may be used to specify the language of other presentations generated from the data in the resource. Not all the content has to be in the base language. The Resource.language should not be assumed to apply to the narrative automatically. If a language is specified, it should it also be specified on the div element in the html (see rules in HTML5 for information about the relationship between xml:lang and the html lang attribute).","","","","","","","","",,"preferred","A human language.","http://hl7.org/fhir/ValueSet/languages|4.0.1","",,,,"Resource.language",0,1,"","ele-1:All FHIR elements must have a @value or children {hasValue() or (children().count() > id.count())}
"
"CodeSystem.text","CodeSystem.text","","narrative
htmlxhtmldisplay","",0,1,"","","","Narrative {[]} {[]}
","Text summary of the resource, for human interpretation","A human-readable narrative that contains a summary of the resource and can be used to represent the content of the resource to a human. The narrative need not encode all the structured data, but is required to contain sufficient detail to make it ""clinically safe"" for a human to just read the narrative. Resource definitions may define what content should be represented in the narrative to ensure clinical safety.","Contained resources do not have narrative. Resources that are not contained SHOULD have a narrative. In some cases, a resource may only have text with little or no additional discrete data (as long as all minOccurs=1 elements are satisfied).  This may be necessary for data from legacy systems where information is captured as a ""text blob"" or where text is additionally entered raw or narrated and encoded information is added later.","","","","","","","","",,,,,"",,,,"DomainResource.text",0,1,"","ele-1:All FHIR elements must have a @value or children {hasValue() or (children().count() > id.count())}
","Act.text?"
"CodeSystem.contained","CodeSystem.contained","","inline resources
anonymous resourcescontained resources","",0,*,"","","","Resource {[]} {[]}
","Contained, inline Resources","These resources do not have an independent existence apart from the resource that contains them - they cannot be identified independently, and nor can they have their own independent transaction scope.","This should never be done when the content can be identified properly, as once identification is lost, it is extremely difficult (and context dependent) to restore it again. Contained resources may have profiles and tags In their meta elements, but SHALL NOT have security labels.","","","","","","","","",,,,,"",,,,"DomainResource.contained",0,*,"","","N/A"
"CodeSystem.extension","CodeSystem.extension","","extensions
user content","",0,*,"","","","Extension {[]} {[]}
","Additional content defined by implementations","May be used to represent additional information that is not part of the basic definition of the resource. To make the use of extensions safe and manageable, there is a strict set of governance  applied to the definition and use of extensions. Though any implementer can define an extension, there is a set of requirements that SHALL be met as part of the definition of the extension.","There can be no stigma associated with the use of extensions by any application, project, or standard - regardless of the institution or jurisdiction that uses or defines the extensions.  The use of extensions is what allows the FHIR specification to retain a core level of simplicity for everyone.","","","","","","","","",,,,,"",,,,"DomainResource.extension",0,*,"","ele-1:All FHIR elements must have a @value or children {hasValue() or (children().count() > id.count())}
ext-1:Must have either extensions or value[x], not both {extension.exists() != value.exists()}","N/A"
"CodeSystem.modifierExtension","CodeSystem.modifierExtension","","extensions
user content","",0,*,"","Y","","Extension {[]} {[]}
","Extensions that cannot be ignored","May be used to represent additional information that is not part of the basic definition of the resource and that modifies the understanding of the element that contains it and/or the understanding of the containing element's descendants. Usually modifier elements provide negation or qualification. To make the use of extensions safe and manageable, there is a strict set of governance applied to the definition and use of extensions. Though any implementer is allowed to define an extension, there is a set of requirements that SHALL be met as part of the definition of the extension. Applications processing a resource are required to check for modifier extensions.

Modifier extensions SHALL NOT change the meaning of any elements on Resource or DomainResource (including cannot change the meaning of modifierExtension itself).","There can be no stigma associated with the use of extensions by any application, project, or standard - regardless of the institution or jurisdiction that uses or defines the extensions.  The use of extensions is what allows the FHIR specification to retain a core level of simplicity for everyone.","Modifier extensions allow for extensions that *cannot* be safely ignored to be clearly distinguished from the vast majority of extensions which can be safely ignored.  This promotes interoperability by eliminating the need for implementers to prohibit the presence of extensions. For further information, see the [definition of modifier extensions](http://hl7.org/fhir/R4/extensibility.html#modifierExtension).","","","","","","","",,,,,"",,,,"DomainResource.modifierExtension",0,*,"","ele-1:All FHIR elements must have a @value or children {hasValue() or (children().count() > id.count())}
ext-1:Must have either extensions or value[x], not both {extension.exists() != value.exists()}","N/A"
"CodeSystem.url","CodeSystem.url","","","",1,1,"Y","","Y","uri {[]} {[]}
","Kanonische URL","An absolute URI that is used to identify this code system when it is referenced in a specification, model, design or an instance; also called its canonical identifier. This SHOULD be globally unique and SHOULD be a literal address at which at which an authoritative instance of this code system is (or will be) published. This URL can be the target of a canonical reference. It SHALL remain the same when the code system is stored on different servers. This is used in [Coding](http://hl7.org/fhir/R4/datatypes.html#Coding).system.","**Bedeutung:** Eindeutige Url zur Identifizierung des CodeSystems. Absolute Url sind zu bevorzugen.  
    **Hinweise:** OIDs SOLLTEN als weitere Identifier des CodeSystems verwendet werden. In jedem Fall SOLLTE eine Canonical Url vergeben werden.","Allows the code system to be referenced by a single globally unique identifier.","","","","","","","",,,,,"",,,,"CodeSystem.url",0,1,"","ele-1:All FHIR elements must have a @value or children {hasValue() or (children().count() > id.count())}
","Definition.url","FiveWs.identifier"
"CodeSystem.identifier","CodeSystem.identifier","","","",0,*,"","","Y","Identifier {[]} {[]}
","Additional identifier for the code system (business identifier)","A formal identifier that is used to identify this code system when it is represented in other formats, or referenced in a specification, model, design or an instance.","Typically, this is used for identifiers that can go in an HL7 V3 II (instance identifier) data type, and can then identify this code system outside of FHIR, where it is not possible to use the logical URI.  Note that HL7 defines at least three identifiers for many of its code systems - the FHIR canonical URL, the OID and the V2 Table 0396 mnemonic code.","Allows externally provided and/or usable business identifiers to be easily associated with the module.","","","","","","","",,,,,"",,,,"CodeSystem.identifier",0,*,"","ele-1:All FHIR elements must have a @value or children {hasValue() or (children().count() > id.count())}
","Definition.identifier","FiveWs.identifier","no-gen-base"
"CodeSystem.version","CodeSystem.version","","","",1,1,"Y","","Y","string {[]} {[]}
","Version","The identifier that is used to identify this version of the code system when it is referenced in a specification, model, design or instance. This is an arbitrary value managed by the code system author and is not expected to be globally unique. For example, it might be a timestamp (e.g. yyyymmdd) if a managed version is not available. There is also no expectation that versions can be placed in a lexicographical sequence. This is used in [Coding](http://hl7.org/fhir/R4/datatypes.html#Coding).version.","**Bedeutung:** Version des CodeSystems  
    **Hinweise:** Jede Änderung des CodeSystems MUSS eine Änderung in der Version des CodeSystems und gebundenen ValueSets nach sich ziehen. Die Versionierung SOLLTE auf dem Konzept von [Semantic Versioning](https://semver.org) basieren.","","","","","","","","",,,,,"",,,,"CodeSystem.version",0,1,"","ele-1:All FHIR elements must have a @value or children {hasValue() or (children().count() > id.count())}
","Definition.version","FiveWs.version"
"CodeSystem.name","CodeSystem.name","","","",1,1,"Y","","Y","string {[]} {[]}
","Name des Codesystems","A natural language name identifying the code system. This name should be usable as an identifier for the module by machine processing applications such as code generation.","**Bedeutung:** Maschinenlesbarer Name des CodeSystems  
    **Hinweise:** Der Constraint [cps-0](https://www.hl7.org/fhir/R4/codesystem.html#invs) ist hierbei zu beachten.","Support human navigation and code generation.","","","","","","","",,,,,"",,,,"CodeSystem.name",0,1,"inv-0
","ele-1:All FHIR elements must have a @value or children {hasValue() or (children().count() > id.count())}
"
"CodeSystem.title","CodeSystem.title","","","",0,1,"","","Y","string {[]} {[]}
","Name for this code system (human friendly)","A short, descriptive, user-friendly title for the code system.","This name does not need to be machine-processing friendly and may contain punctuation, white-space, etc.","","","","","","","","",,,,,"",,,,"CodeSystem.title",0,1,"","ele-1:All FHIR elements must have a @value or children {hasValue() or (children().count() > id.count())}
","Definition.title"
"CodeSystem.status","CodeSystem.status","","","",1,1,"Y","Y","Y","code {[]} {[]}
","Status","The date (and optionally time) when the code system resource was created or revised.","Zeigt den aktuellen Status der Ressource an.     
  **WICHTIGER Hinweis für Implementierer:**    
  * Alle server-seitigen Implementierungen MÜSSEN in der Lage sein, 
  die systemintern möglichen Statuswerte korrekt in FHIR abzubilden, mindestens jedoch 'active' und 'retired''.
  * Alle client-seitigen Implementierungen MÜSSEN in der Lage sein, sämtliche Status-Codes zu interpretieren und dem Anwender in angemessener Form darstellen zu können, 
  beispielsweise durch Ausblenden/Durchstreichen von Ressourcen mit dem status `entered-in-error` und Ausgrauen von Ressourcen, die einen Plan- oder Entwurfs-Status haben.","","","","","","","","",,"required","The lifecycle status of an artifact.","http://hl7.org/fhir/ValueSet/publication-status|4.0.1","",,,,"CodeSystem.status",1,1,"","ele-1:All FHIR elements must have a @value or children {hasValue() or (children().count() > id.count())}
","Definition.status","FiveWs.status"
"CodeSystem.experimental","CodeSystem.experimental","","","",0,1,"","","Y","boolean {[]} {[]}
","For testing purposes, not real usage","A Boolean value to indicate that this code system is authored for testing purposes (or education/evaluation/marketing) and is not intended to be used for genuine usage.","Allows filtering of code systems that are appropriate for use versus not.","Enables experimental content to be developed following the same lifecycle that would be used for a production-level code system.","","","","","","","",,,,,"",,,,"CodeSystem.experimental",0,1,"","ele-1:All FHIR elements must have a @value or children {hasValue() or (children().count() > id.count())}
","Definition.experimental","FiveWs.class"
"CodeSystem.date","CodeSystem.date","","Revision Date
","",0,1,"","","Y","dateTime {[]} {[]}
","Date last changed","The date  (and optionally time) when the code system was published. The date must change when the business version changes and it must change if the status code changes. In addition, it should change when the substantive content of the code system changes.","Note that this is not the same as the resource last-modified-date, since the resource may be a secondary representation of the code system. Additional specific dates may be added as extensions or be found by consulting Provenances associated with past versions of the resource.","","","","","","","","",,,,,"",,,,"CodeSystem.date",0,1,"","ele-1:All FHIR elements must have a @value or children {hasValue() or (children().count() > id.count())}
","Definition.date","FiveWs.recorded"
"CodeSystem.publisher","CodeSystem.publisher","","","",0,1,"","","Y","string {[]} {[]}
","Name of the publisher (organization or individual)","The name of the organization or individual that published the code system.","Usually an organization but may be an individual. The publisher (or steward) of the code system is the organization or individual primarily responsible for the maintenance and upkeep of the code system. This is not necessarily the same individual or organization that developed and initially authored the content. The publisher is the primary point of contact for questions or issues with the code system. This item SHOULD be populated unless the information is available from context.","Helps establish the ""authority/credibility"" of the code system.  May also allow for contact.","","","","","","","",,,,,"",,,,"CodeSystem.publisher",0,1,"","ele-1:All FHIR elements must have a @value or children {hasValue() or (children().count() > id.count())}
","Definition.publisher","FiveWs.witness"
"CodeSystem.contact","CodeSystem.contact","","","",0,*,"","","Y","ContactDetail {[]} {[]}
","Contact details for the publisher","Contact details to assist a user in finding and communicating with the publisher.","May be a web site, an email address, a telephone number, etc.","","","","","","","","",,,,,"",,,,"CodeSystem.contact",0,*,"","ele-1:All FHIR elements must have a @value or children {hasValue() or (children().count() > id.count())}
","Definition.contact"
"CodeSystem.description","CodeSystem.description","","Scope
Purpose","",0,1,"","","","markdown {[]} {[]}
","Natural language description of the code system","A free text natural language description of the code system from a consumer's perspective.","This description can be used to capture details such as why the code system was built, comments about misuse, instructions for clinical use and interpretation, literature references, examples from the paper world, etc. It is not a rendering of the code system as conveyed in the 'text' field of the resource itself. This item SHOULD be populated unless the information is available from context (e.g. the language of the code system is presumed to be the predominant language in the place the code system was created).","","","","","","","","",,,,,"",,,,"CodeSystem.description",0,1,"","ele-1:All FHIR elements must have a @value or children {hasValue() or (children().count() > id.count())}
","N/A","Definition.description"
"CodeSystem.useContext","CodeSystem.useContext","","","",0,*,"","","Y","UsageContext {[]} {[]}
","The context that the content is intended to support","The content was developed with a focus and intent of supporting the contexts that are listed. These contexts may be general categories (gender, age, ...) or may be references to specific programs (insurance plans, studies, ...) and may be used to assist with indexing and searching for appropriate code system instances.","When multiple useContexts are specified, there is no expectation that all or any of the contexts apply.","Assist in searching for appropriate content.","","","","","","","",,,,,"",,,,"CodeSystem.useContext",0,*,"","ele-1:All FHIR elements must have a @value or children {hasValue() or (children().count() > id.count())}
","Definition.useContext"
"CodeSystem.jurisdiction","CodeSystem.jurisdiction","","","",0,*,"","","Y","CodeableConcept {[]} {[]}
","Intended jurisdiction for code system (if applicable)","A legal or geographic region in which the code system is intended to be used.","It may be possible for the code system to be used in jurisdictions other than those for which it was originally designed or intended.","","","","","","","","",,"extensible","Countries and regions within which this artifact is targeted for use.","http://hl7.org/fhir/ValueSet/jurisdiction|4.0.1","",,,,"CodeSystem.jurisdiction",0,*,"","ele-1:All FHIR elements must have a @value or children {hasValue() or (children().count() > id.count())}
","Definition.jurisdiction"
"CodeSystem.purpose","CodeSystem.purpose","","","",0,1,"","","","markdown {[]} {[]}
","Why this code system is defined","Explanation of why this code system is needed and why it has been designed as it has.","This element does not describe the usage of the code system. Instead, it provides traceability of ''why'' the resource is either needed or ''why'' it is defined as it is.  This may be used to point to source materials or specifications that drove the structure of this code system.","","","","","","","","",,,,,"",,,,"CodeSystem.purpose",0,1,"","ele-1:All FHIR elements must have a @value or children {hasValue() or (children().count() > id.count())}
","Definition.purpose","FiveWs.why[x]","no-gen-base"
"CodeSystem.copyright","CodeSystem.copyright","","License
Restrictions","",0,1,"","","","markdown {[]} {[]}
","Use and/or publishing restrictions","A copyright statement relating to the code system and/or its contents. Copyright statements are generally legal restrictions on the use and publishing of the code system.","... Sometimes, the copyright differs between the code system and the codes that are included. The copyright statement should clearly differentiate between these when required.","Consumers must be able to determine any legal restrictions on the use of the code system and/or its content.","","","","","","","",,,,,"",,,,"CodeSystem.copyright",0,1,"","ele-1:All FHIR elements must have a @value or children {hasValue() or (children().count() > id.count())}
","Definition.copyright","no-gen-base"
"CodeSystem.caseSensitive","CodeSystem.caseSensitive","","","",0,1,"","","Y","boolean {[]} {[]}
","If code comparison is case sensitive","If code comparison is case sensitive when codes within this system are compared to each other.","If this value is missing, then it is not specified whether a code system is case sensitive or not. When the rule is not known, Postel's law should be followed: produce codes with the correct case, and accept codes in any case. This element is primarily provided to support validation software.","","","","","","","","",,,,,"",,,,"CodeSystem.caseSensitive",0,1,"","ele-1:All FHIR elements must have a @value or children {hasValue() or (children().count() > id.count())}
"
"CodeSystem.valueSet","CodeSystem.valueSet","","","",0,1,"","","Y","canonical {[]} {[CanonicalType[http://hl7.org/fhir/StructureDefinition/ValueSet|4.0.1]]}
","Canonical reference to the value set with entire code system","Canonical reference to the value set that contains the entire code system.","The definition of the value set SHALL include all codes from this code system and only codes from this code system, and it SHALL be immutable.","","","","","","","","",,,,,"",,,,"CodeSystem.valueSet",0,1,"","ele-1:All FHIR elements must have a @value or children {hasValue() or (children().count() > id.count())}
"
"CodeSystem.hierarchyMeaning","CodeSystem.hierarchyMeaning","","","",0,1,"","","Y","code {[]} {[]}
","grouped-by | is-a | part-of | classified-with","The meaning of the hierarchy of concepts as represented in this resource.","Note that other representations might have a different hierarchy or none at all, and represent the information using properties.","","","","","","","","",,"required","The meaning of the hierarchy of concepts in a code system.","http://hl7.org/fhir/ValueSet/codesystem-hierarchy-meaning|4.0.1","",,,,"CodeSystem.hierarchyMeaning",0,1,"","ele-1:All FHIR elements must have a @value or children {hasValue() or (children().count() > id.count())}
"
"CodeSystem.compositional","CodeSystem.compositional","","grammar
","",0,1,"","","Y","boolean {[]} {[]}
","If code system defines a compositional grammar","The code system defines a compositional (post-coordination) grammar.","Note that the code system resource does not define what the compositional grammar is, only whether or not there is one.","","","","","","","","",,,,,"",,,,"CodeSystem.compositional",0,1,"","ele-1:All FHIR elements must have a @value or children {hasValue() or (children().count() > id.count())}
"
"CodeSystem.versionNeeded","CodeSystem.versionNeeded","","","",0,1,"","","Y","boolean {[]} {[]}
","If definitions are not stable","This flag is used to signify that the code system does not commit to concept permanence across versions. If true, a version must be specified when referencing this code system.","Best practice is that code systems do not redefine concepts, or that if concepts are redefined, a new code system definition is created. But this is not always possible, so some code systems may be defined as 'versionNeeded'.

Most code systems occasionally refine the displays defined for concepts between versions. Contexts in which the concept display values are validated may require that the version be specified for some code systems irrespective of the value of this property.","","","","","","","","",,,,,"",,,,"CodeSystem.versionNeeded",0,1,"","ele-1:All FHIR elements must have a @value or children {hasValue() or (children().count() > id.count())}
"
"CodeSystem.content","CodeSystem.content","","","",1,1,"Y","","Y","code {[]} {[]}
","Vollständigkeit der Repräsentation","The extent of the content of the code system (the concepts and codes it defines) are represented in this resource instance.","**Bedeutung:** Angabe, ob es sich um eine vollständige Repräsentation des CodeSystems oder nur um einen Auszug handelt.
    **Hinweise:** Alle in einem System möglichen Status-Werte müssen über FHIR korrekt repräsentiert werden können, mindestens jedoch die Status-Werte `fragment` und `complete`. Deren korrekte Abbildung wird im Rahmen des Bestätigungsverfahrens überprüft.","","","","","","","","",,"required","The extent of the content of the code system (the concepts and codes it defines) are represented in a code system resource.","http://hl7.org/fhir/ValueSet/codesystem-content-mode|4.0.1","",,,,"CodeSystem.content",1,1,"","ele-1:All FHIR elements must have a @value or children {hasValue() or (children().count() > id.count())}
"
"CodeSystem.supplements","CodeSystem.supplements","","","",0,1,"","","Y","canonical {[]} {[CanonicalType[http://hl7.org/fhir/StructureDefinition/CodeSystem|4.0.1]]}
","Canonical URL of Code System this adds designations and properties to","The canonical URL of the code system that this code system supplement is adding designations and properties to.","The most common use of a code system supplement is to add additional language support.","","","","","","","","",,,,,"",,,,"CodeSystem.supplements",0,1,"","ele-1:All FHIR elements must have a @value or children {hasValue() or (children().count() > id.count())}
"
"CodeSystem.count","CodeSystem.count","","","",0,1,"","","Y","unsignedInt {[]} {[]}
","Total concepts in the code system","The total number of concepts defined by the code system. Where the code system has a compositional grammar, the basis of this count is defined by the system steward.","The count of concepts defined in this resource cannot be more than this value but may be less for several reasons - see the content element.","","","","","","","","",,,,,"",,,,"CodeSystem.count",0,1,"","ele-1:All FHIR elements must have a @value or children {hasValue() or (children().count() > id.count())}
"
"CodeSystem.filter","CodeSystem.filter","","","",0,*,"","","Y","BackboneElement {[]} {[]}
","Filter that can be used in a value set","A filter that can be used in a value set compose statement when selecting concepts using a filter.","Note that filters defined in code systems usually require custom code on the part of any terminology engine that will make them available for use in value set filters. For this reason, they are generally only seen in high value published terminologies.","","","","","","","","",,,,,"",,,,"CodeSystem.filter",0,*,"","ele-1:All FHIR elements must have a @value or children {hasValue() or (children().count() > id.count())}
"
"CodeSystem.filter.id","CodeSystem.filter.id","","","",0,1,"","","","string {[]} {[]}
","Unique id for inter-element referencing","Unique id for the element within a resource (for internal references). This may be any string value that does not contain spaces.","","","","","","","","","",,,,,"",,,,"Element.id",0,1,"","","n/a"
"CodeSystem.filter.extension","CodeSystem.filter.extension","","extensions
user content","",0,*,"","","","Extension {[]} {[]}
","Additional content defined by implementations","May be used to represent additional information that is not part of the basic definition of the element. To make the use of extensions safe and manageable, there is a strict set of governance  applied to the definition and use of extensions. Though any implementer can define an extension, there is a set of requirements that SHALL be met as part of the definition of the extension.","There can be no stigma associated with the use of extensions by any application, project, or standard - regardless of the institution or jurisdiction that uses or defines the extensions.  The use of extensions is what allows the FHIR specification to retain a core level of simplicity for everyone.","","","","","","","","",,,,,"",,,,"Element.extension",0,*,"","ele-1:All FHIR elements must have a @value or children {hasValue() or (children().count() > id.count())}
ext-1:Must have either extensions or value[x], not both {extension.exists() != value.exists()}","n/a"
"CodeSystem.filter.modifierExtension","CodeSystem.filter.modifierExtension","","extensions
user contentmodifiers","",0,*,"","Y","Y","Extension {[]} {[]}
","Extensions that cannot be ignored even if unrecognized","May be used to represent additional information that is not part of the basic definition of the element and that modifies the understanding of the element in which it is contained and/or the understanding of the containing element's descendants. Usually modifier elements provide negation or qualification. To make the use of extensions safe and manageable, there is a strict set of governance applied to the definition and use of extensions. Though any implementer can define an extension, there is a set of requirements that SHALL be met as part of the definition of the extension. Applications processing a resource are required to check for modifier extensions.

Modifier extensions SHALL NOT change the meaning of any elements on Resource or DomainResource (including cannot change the meaning of modifierExtension itself).","There can be no stigma associated with the use of extensions by any application, project, or standard - regardless of the institution or jurisdiction that uses or defines the extensions.  The use of extensions is what allows the FHIR specification to retain a core level of simplicity for everyone.","Modifier extensions allow for extensions that *cannot* be safely ignored to be clearly distinguished from the vast majority of extensions which can be safely ignored.  This promotes interoperability by eliminating the need for implementers to prohibit the presence of extensions. For further information, see the [definition of modifier extensions](http://hl7.org/fhir/R4/extensibility.html#modifierExtension).","","","","","","","",,,,,"",,,,"BackboneElement.modifierExtension",0,*,"","ele-1:All FHIR elements must have a @value or children {hasValue() or (children().count() > id.count())}
ext-1:Must have either extensions or value[x], not both {extension.exists() != value.exists()}","N/A"
"CodeSystem.filter.code","CodeSystem.filter.code","","","",1,1,"","","Y","code {[]} {[]}
","Code that identifies the filter","The code that identifies this filter when it is used as a filter in [ValueSet](http://hl7.org/fhir/R4/valueset.html#).compose.include.filter.","","","","","","","","","",,,,,"",,,,"CodeSystem.filter.code",1,1,"","ele-1:All FHIR elements must have a @value or children {hasValue() or (children().count() > id.count())}
"
"CodeSystem.filter.description","CodeSystem.filter.description","","","",0,1,"","","Y","string {[]} {[]}
","How or why the filter is used","A description of how or why the filter is used.","","","","","","","","","",,,,,"",,,,"CodeSystem.filter.description",0,1,"","ele-1:All FHIR elements must have a @value or children {hasValue() or (children().count() > id.count())}
"
"CodeSystem.filter.operator","CodeSystem.filter.operator","","","",1,*,"","","Y","code {[]} {[]}
","= | is-a | descendent-of | is-not-a | regex | in | not-in | generalizes | exists","A list of operators that can be used with the filter.","","","","","","","","","",,"required","The kind of operation to perform as a part of a property based filter.","http://hl7.org/fhir/ValueSet/filter-operator|4.0.1","",,,,"CodeSystem.filter.operator",1,*,"","ele-1:All FHIR elements must have a @value or children {hasValue() or (children().count() > id.count())}
"
"CodeSystem.filter.value","CodeSystem.filter.value","","","",1,1,"","","Y","string {[]} {[]}
","What to use for the value","A description of what the value for the filter should be.","","","","","","","","","",,,,,"",,,,"CodeSystem.filter.value",1,1,"","ele-1:All FHIR elements must have a @value or children {hasValue() or (children().count() > id.count())}
"
"CodeSystem.property","CodeSystem.property","","","",0,*,"","","Y","BackboneElement {[]} {[]}
","Additional information supplied about each concept","A property defines an additional slot through which additional information can be provided about a concept.","","","","","","","","","",,,,,"",,,,"CodeSystem.property",0,*,"","ele-1:All FHIR elements must have a @value or children {hasValue() or (children().count() > id.count())}
"
"CodeSystem.property.id","CodeSystem.property.id","","","",0,1,"","","","string {[]} {[]}
","Unique id for inter-element referencing","Unique id for the element within a resource (for internal references). This may be any string value that does not contain spaces.","","","","","","","","","",,,,,"",,,,"Element.id",0,1,"","","n/a"
"CodeSystem.property.extension","CodeSystem.property.extension","","extensions
user content","",0,*,"","","","Extension {[]} {[]}
","Additional content defined by implementations","May be used to represent additional information that is not part of the basic definition of the element. To make the use of extensions safe and manageable, there is a strict set of governance  applied to the definition and use of extensions. Though any implementer can define an extension, there is a set of requirements that SHALL be met as part of the definition of the extension.","There can be no stigma associated with the use of extensions by any application, project, or standard - regardless of the institution or jurisdiction that uses or defines the extensions.  The use of extensions is what allows the FHIR specification to retain a core level of simplicity for everyone.","","","","","","","","",,,,,"",,,,"Element.extension",0,*,"","ele-1:All FHIR elements must have a @value or children {hasValue() or (children().count() > id.count())}
ext-1:Must have either extensions or value[x], not both {extension.exists() != value.exists()}","n/a"
"CodeSystem.property.modifierExtension","CodeSystem.property.modifierExtension","","extensions
user contentmodifiers","",0,*,"","Y","Y","Extension {[]} {[]}
","Extensions that cannot be ignored even if unrecognized","May be used to represent additional information that is not part of the basic definition of the element and that modifies the understanding of the element in which it is contained and/or the understanding of the containing element's descendants. Usually modifier elements provide negation or qualification. To make the use of extensions safe and manageable, there is a strict set of governance applied to the definition and use of extensions. Though any implementer can define an extension, there is a set of requirements that SHALL be met as part of the definition of the extension. Applications processing a resource are required to check for modifier extensions.

Modifier extensions SHALL NOT change the meaning of any elements on Resource or DomainResource (including cannot change the meaning of modifierExtension itself).","There can be no stigma associated with the use of extensions by any application, project, or standard - regardless of the institution or jurisdiction that uses or defines the extensions.  The use of extensions is what allows the FHIR specification to retain a core level of simplicity for everyone.","Modifier extensions allow for extensions that *cannot* be safely ignored to be clearly distinguished from the vast majority of extensions which can be safely ignored.  This promotes interoperability by eliminating the need for implementers to prohibit the presence of extensions. For further information, see the [definition of modifier extensions](http://hl7.org/fhir/R4/extensibility.html#modifierExtension).","","","","","","","",,,,,"",,,,"BackboneElement.modifierExtension",0,*,"","ele-1:All FHIR elements must have a @value or children {hasValue() or (children().count() > id.count())}
ext-1:Must have either extensions or value[x], not both {extension.exists() != value.exists()}","N/A"
"CodeSystem.property.code","CodeSystem.property.code","","","",1,1,"","","Y","code {[]} {[]}
","Identifies the property on the concepts, and when referred to in operations","A code that is used to identify the property. The code is used internally (in CodeSystem.concept.property.code) and also externally, such as in property filters.","","","","","","","","","",,,,,"",,,,"CodeSystem.property.code",1,1,"","ele-1:All FHIR elements must have a @value or children {hasValue() or (children().count() > id.count())}
"
"CodeSystem.property.uri","CodeSystem.property.uri","","","",0,1,"","","Y","uri {[]} {[]}
","Formal identifier for the property","Reference to the formal meaning of the property. One possible source of meaning is the [Concept Properties](http://hl7.org/fhir/R4/codesystem-concept-properties.html) code system.","","","","","","","","","",,,,,"",,,,"CodeSystem.property.uri",0,1,"","ele-1:All FHIR elements must have a @value or children {hasValue() or (children().count() > id.count())}
"
"CodeSystem.property.description","CodeSystem.property.description","","","",0,1,"","","Y","string {[]} {[]}
","Why the property is defined, and/or what it conveys","A description of the property- why it is defined, and how its value might be used.","","","","","","","","","",,,,,"",,,,"CodeSystem.property.description",0,1,"","ele-1:All FHIR elements must have a @value or children {hasValue() or (children().count() > id.count())}
"
"CodeSystem.property.type","CodeSystem.property.type","","","",1,1,"","","Y","code {[]} {[]}
","code | Coding | string | integer | boolean | dateTime | decimal","The type of the property value. Properties of type ""code"" contain a code defined by the code system (e.g. a reference to another defined concept).","","","","","","","","","",,"required","The type of a property value.","http://hl7.org/fhir/ValueSet/concept-property-type|4.0.1","",,,,"CodeSystem.property.type",1,1,"","ele-1:All FHIR elements must have a @value or children {hasValue() or (children().count() > id.count())}
"
"CodeSystem.concept","CodeSystem.concept","","","",1,*,"Y","","","BackboneElement {[]} {[]}
","Konzept","Concepts that are in the code system. The concept definitions are inherently hierarchical, but the definitions must be consulted to determine what the meanings of the hierarchical relationships are.","**Bedeutung:** Angabe der Konzepte, aus denen sich das CodeSystem zusammensetzt.  
     **Hinweise:** Es MUSS mindestens ein Code und ein Anzeigetext spezifiziert werden.","","","","","","","","",,,,,"",,,,"CodeSystem.concept",0,*,"","ele-1:All FHIR elements must have a @value or children {hasValue() or (children().count() > id.count())}
"
"CodeSystem.concept.id","CodeSystem.concept.id","","","",0,1,"","","","string {[]} {[]}
","Unique id for inter-element referencing","Unique id for the element within a resource (for internal references). This may be any string value that does not contain spaces.","","","","","","","","","",,,,,"",,,,"Element.id",0,1,"","","n/a"
"CodeSystem.concept.extension","CodeSystem.concept.extension","","extensions
user content","",0,*,"","","","Extension {[]} {[]}
","Additional content defined by implementations","May be used to represent additional information that is not part of the basic definition of the element. To make the use of extensions safe and manageable, there is a strict set of governance  applied to the definition and use of extensions. Though any implementer can define an extension, there is a set of requirements that SHALL be met as part of the definition of the extension.","There can be no stigma associated with the use of extensions by any application, project, or standard - regardless of the institution or jurisdiction that uses or defines the extensions.  The use of extensions is what allows the FHIR specification to retain a core level of simplicity for everyone.","","","","","","","","",,,,,"",,,,"Element.extension",0,*,"","ele-1:All FHIR elements must have a @value or children {hasValue() or (children().count() > id.count())}
ext-1:Must have either extensions or value[x], not both {extension.exists() != value.exists()}","n/a"
"CodeSystem.concept.modifierExtension","CodeSystem.concept.modifierExtension","","extensions
user contentmodifiers","",0,*,"","Y","Y","Extension {[]} {[]}
","Extensions that cannot be ignored even if unrecognized","May be used to represent additional information that is not part of the basic definition of the element and that modifies the understanding of the element in which it is contained and/or the understanding of the containing element's descendants. Usually modifier elements provide negation or qualification. To make the use of extensions safe and manageable, there is a strict set of governance applied to the definition and use of extensions. Though any implementer can define an extension, there is a set of requirements that SHALL be met as part of the definition of the extension. Applications processing a resource are required to check for modifier extensions.

Modifier extensions SHALL NOT change the meaning of any elements on Resource or DomainResource (including cannot change the meaning of modifierExtension itself).","There can be no stigma associated with the use of extensions by any application, project, or standard - regardless of the institution or jurisdiction that uses or defines the extensions.  The use of extensions is what allows the FHIR specification to retain a core level of simplicity for everyone.","Modifier extensions allow for extensions that *cannot* be safely ignored to be clearly distinguished from the vast majority of extensions which can be safely ignored.  This promotes interoperability by eliminating the need for implementers to prohibit the presence of extensions. For further information, see the [definition of modifier extensions](http://hl7.org/fhir/R4/extensibility.html#modifierExtension).","","","","","","","",,,,,"",,,,"BackboneElement.modifierExtension",0,*,"","ele-1:All FHIR elements must have a @value or children {hasValue() or (children().count() > id.count())}
ext-1:Must have either extensions or value[x], not both {extension.exists() != value.exists()}","N/A"
"CodeSystem.concept.code","CodeSystem.concept.code","","","",1,1,"Y","","","code {[]} {[]}
","Code","A code - a text symbol - that uniquely identifies the concept within the code system.","Der eindeutige Code, der das Konzept im CodeSystem identifiziert.","","","","","","","","",,,,,"",,,,"CodeSystem.concept.code",1,1,"","ele-1:All FHIR elements must have a @value or children {hasValue() or (children().count() > id.count())}
"
"CodeSystem.concept.display","CodeSystem.concept.display","","","",1,1,"Y","","","string {[]} {[]}
","Anzeigetext","A human readable string that is the recommended default way to present this concept to a user.","Die menschlich lesbare Darstellung des Konzepts.","","","","","","","","",,,,,"",,,,"CodeSystem.concept.display",0,1,"","ele-1:All FHIR elements must have a @value or children {hasValue() or (children().count() > id.count())}
"
"CodeSystem.concept.definition","CodeSystem.concept.definition","","","",0,1,"Y","","","string {[]} {[]}
","Definition","The formal definition of the concept. The code system resource does not make formal definitions required, because of the prevalence of legacy systems. However, they are highly recommended, as without them there is no formal meaning associated with the concept.","Eine ausführliche Beschreibung oder Definition des Konzepts.","","","","","","","","",,,,,"",,,,"CodeSystem.concept.definition",0,1,"","ele-1:All FHIR elements must have a @value or children {hasValue() or (children().count() > id.count())}
"
"CodeSystem.concept.designation","CodeSystem.concept.designation","","","",0,*,"","","","BackboneElement {[]} {[]}
","Additional representations for the concept","Additional representations for the concept - other languages, aliases, specialized purposes, used for particular purposes, etc.","Concepts have both a ```display``` and an array of ```designation```. The display is equivalent to a special designation with an implied ```designation.use``` of ""primary code"" and a language equal to the [Resource Language](http://hl7.org/fhir/R4/resource.html#language).","Many concept definition systems support multiple representations, in multiple languages, and for multiple purposes.","","","","","","","",,,,,"",,,,"CodeSystem.concept.designation",0,*,"","ele-1:All FHIR elements must have a @value or children {hasValue() or (children().count() > id.count())}
"
"CodeSystem.concept.designation.id","CodeSystem.concept.designation.id","","","",0,1,"","","","string {[]} {[]}
","Unique id for inter-element referencing","Unique id for the element within a resource (for internal references). This may be any string value that does not contain spaces.","","","","","","","","","",,,,,"",,,,"Element.id",0,1,"","","n/a"
"CodeSystem.concept.designation.extension","CodeSystem.concept.designation.extension","","extensions
user content","",0,*,"","","","Extension {[]} {[]}
","Additional content defined by implementations","May be used to represent additional information that is not part of the basic definition of the element. To make the use of extensions safe and manageable, there is a strict set of governance  applied to the definition and use of extensions. Though any implementer can define an extension, there is a set of requirements that SHALL be met as part of the definition of the extension.","There can be no stigma associated with the use of extensions by any application, project, or standard - regardless of the institution or jurisdiction that uses or defines the extensions.  The use of extensions is what allows the FHIR specification to retain a core level of simplicity for everyone.","","","","","","","","",,,,,"",,,,"Element.extension",0,*,"","ele-1:All FHIR elements must have a @value or children {hasValue() or (children().count() > id.count())}
ext-1:Must have either extensions or value[x], not both {extension.exists() != value.exists()}","n/a"
"CodeSystem.concept.designation.modifierExtension","CodeSystem.concept.designation.modifierExtension","","extensions
user contentmodifiers","",0,*,"","Y","Y","Extension {[]} {[]}
","Extensions that cannot be ignored even if unrecognized","May be used to represent additional information that is not part of the basic definition of the element and that modifies the understanding of the element in which it is contained and/or the understanding of the containing element's descendants. Usually modifier elements provide negation or qualification. To make the use of extensions safe and manageable, there is a strict set of governance applied to the definition and use of extensions. Though any implementer can define an extension, there is a set of requirements that SHALL be met as part of the definition of the extension. Applications processing a resource are required to check for modifier extensions.

Modifier extensions SHALL NOT change the meaning of any elements on Resource or DomainResource (including cannot change the meaning of modifierExtension itself).","There can be no stigma associated with the use of extensions by any application, project, or standard - regardless of the institution or jurisdiction that uses or defines the extensions.  The use of extensions is what allows the FHIR specification to retain a core level of simplicity for everyone.","Modifier extensions allow for extensions that *cannot* be safely ignored to be clearly distinguished from the vast majority of extensions which can be safely ignored.  This promotes interoperability by eliminating the need for implementers to prohibit the presence of extensions. For further information, see the [definition of modifier extensions](http://hl7.org/fhir/R4/extensibility.html#modifierExtension).","","","","","","","",,,,,"",,,,"BackboneElement.modifierExtension",0,*,"","ele-1:All FHIR elements must have a @value or children {hasValue() or (children().count() > id.count())}
ext-1:Must have either extensions or value[x], not both {extension.exists() != value.exists()}","N/A"
"CodeSystem.concept.designation.language","CodeSystem.concept.designation.language","","","",0,1,"","","","code {[]} {[]}
","Human language of the designation","The language this designation is defined for.","In the absence of a language, the resource language applies.","","","","","","","","",,"preferred","A human language.","http://hl7.org/fhir/ValueSet/languages|4.0.1","",,,,"CodeSystem.concept.designation.language",0,1,"","ele-1:All FHIR elements must have a @value or children {hasValue() or (children().count() > id.count())}
"
"CodeSystem.concept.designation.use","CodeSystem.concept.designation.use","","","",0,1,"","","","Coding {[]} {[]}
","Details how this designation would be used","A code that details how this designation would be used.","If no use is provided, the designation can be assumed to be suitable for general display to a human user.","","","","","","","","",,"extensible","Details of how a designation would be used.","http://hl7.org/fhir/ValueSet/designation-use|4.0.1","",,,,"CodeSystem.concept.designation.use",0,1,"","ele-1:All FHIR elements must have a @value or children {hasValue() or (children().count() > id.count())}
"
"CodeSystem.concept.designation.value","CodeSystem.concept.designation.value","","","",1,1,"","","","string {[]} {[]}
","The text value for this designation","The text value for this designation.","","","","","","","","","",,,,,"",,,,"CodeSystem.concept.designation.value",1,1,"","ele-1:All FHIR elements must have a @value or children {hasValue() or (children().count() > id.count())}
"
"CodeSystem.concept.property","CodeSystem.concept.property","","","",0,*,"","","","BackboneElement {[]} {[]}
","Property value for the concept","A property value for this concept.","","","","","","","","","",,,,,"",,,,"CodeSystem.concept.property",0,*,"","ele-1:All FHIR elements must have a @value or children {hasValue() or (children().count() > id.count())}
"
"CodeSystem.concept.property.id","CodeSystem.concept.property.id","","","",0,1,"","","","string {[]} {[]}
","Unique id for inter-element referencing","Unique id for the element within a resource (for internal references). This may be any string value that does not contain spaces.","","","","","","","","","",,,,,"",,,,"Element.id",0,1,"","","n/a"
"CodeSystem.concept.property.extension","CodeSystem.concept.property.extension","","extensions
user content","",0,*,"","","","Extension {[]} {[]}
","Additional content defined by implementations","May be used to represent additional information that is not part of the basic definition of the element. To make the use of extensions safe and manageable, there is a strict set of governance  applied to the definition and use of extensions. Though any implementer can define an extension, there is a set of requirements that SHALL be met as part of the definition of the extension.","There can be no stigma associated with the use of extensions by any application, project, or standard - regardless of the institution or jurisdiction that uses or defines the extensions.  The use of extensions is what allows the FHIR specification to retain a core level of simplicity for everyone.","","","","","","","","",,,,,"",,,,"Element.extension",0,*,"","ele-1:All FHIR elements must have a @value or children {hasValue() or (children().count() > id.count())}
ext-1:Must have either extensions or value[x], not both {extension.exists() != value.exists()}","n/a"
"CodeSystem.concept.property.modifierExtension","CodeSystem.concept.property.modifierExtension","","extensions
user contentmodifiers","",0,*,"","Y","Y","Extension {[]} {[]}
","Extensions that cannot be ignored even if unrecognized","May be used to represent additional information that is not part of the basic definition of the element and that modifies the understanding of the element in which it is contained and/or the understanding of the containing element's descendants. Usually modifier elements provide negation or qualification. To make the use of extensions safe and manageable, there is a strict set of governance applied to the definition and use of extensions. Though any implementer can define an extension, there is a set of requirements that SHALL be met as part of the definition of the extension. Applications processing a resource are required to check for modifier extensions.

Modifier extensions SHALL NOT change the meaning of any elements on Resource or DomainResource (including cannot change the meaning of modifierExtension itself).","There can be no stigma associated with the use of extensions by any application, project, or standard - regardless of the institution or jurisdiction that uses or defines the extensions.  The use of extensions is what allows the FHIR specification to retain a core level of simplicity for everyone.","Modifier extensions allow for extensions that *cannot* be safely ignored to be clearly distinguished from the vast majority of extensions which can be safely ignored.  This promotes interoperability by eliminating the need for implementers to prohibit the presence of extensions. For further information, see the [definition of modifier extensions](http://hl7.org/fhir/R4/extensibility.html#modifierExtension).","","","","","","","",,,,,"",,,,"BackboneElement.modifierExtension",0,*,"","ele-1:All FHIR elements must have a @value or children {hasValue() or (children().count() > id.count())}
ext-1:Must have either extensions or value[x], not both {extension.exists() != value.exists()}","N/A"
"CodeSystem.concept.property.code","CodeSystem.concept.property.code","","","",1,1,"","","","code {[]} {[]}
","Reference to CodeSystem.property.code","A code that is a reference to CodeSystem.property.code.","","","","","","","","","",,,,,"",,,,"CodeSystem.concept.property.code",1,1,"","ele-1:All FHIR elements must have a @value or children {hasValue() or (children().count() > id.count())}
"
"CodeSystem.concept.property.value[x]","CodeSystem.concept.property.value[x]","","","",1,1,"","","","code {[]} {[]}
Coding {[]} {[]}string {[]} {[]}integer {[]} {[]}boolean {[]} {[]}dateTime {[]} {[]}decimal {[]} {[]}","Value of the property for this concept","The value of this property.","","","","","","","","","",,,,,"",,,,"CodeSystem.concept.property.value[x]",1,1,"","ele-1:All FHIR elements must have a @value or children {hasValue() or (children().count() > id.count())}
"
"CodeSystem.concept.concept","CodeSystem.concept.concept","","","",0,*,"","","","null {[]} {[]}
","Child Concepts (is-a/contains/categorizes)","Defines children of a concept to produce a hierarchy of concepts. The nature of the relationships is variable (is-a/contains/categorizes) - see hierarchyMeaning.","","","","","","","","","",,,,,"",,,,"CodeSystem.concept.concept",0,*,"","ele-1:All FHIR elements must have a @value or children {hasValue() or (children().count() > id.count())}
"
