Source File	Size	loadResources	load	generateSnapshots	load-configure	scan	loadDepInfo	loadInfo	checkR4R4B	generateNarratives	validate	loadLists	checkConformanceResources	checkConformanceResources2	checkConformanceResources3	generateLogicalMaps	validateExpressions	scanForUsageStats	checkURLsUnique	processProvenanceDetails	generate1	generate2	responsesForQuestionnaire	generateLogicals	makeDependencies	generateExampleZip	generateValidationPack	scanProfilesForR5	scanExamplesForR5
/fsh-generated/resources/ImplementationGuide-formular.json	4735	-	0	0	1	1	0	0	13	88	0	0	0	0	0	0	0	1	0	0	157	78	0	0	0	0	6	0	0
input/resources/Bundle-BundleExampleIntensivstation.json	20975	17	39	0	0	0	0	0	3	2	0	0	0	0	0	0	0	0	0	0	50	62	0	0	0	0	0	0	1
input/resources/Bundle-ISiKBundle-Example.json	5196	8	6	0	0	0	0	0	1	1763	0	0	0	0	0	0	0	0	0	0	22	35	0	0	0	0	0	0	0
input/resources/CapabilityStatement-ISiKCapabilityStatementCompositionKonsumentenRolle.json	2382	9	1	0	0	0	0	0	0	38	0	0	0	0	0	0	0	0	0	0	17	40	0	0	0	0	1	0	0
input/resources/CapabilityStatement-ISiKCapabilityStatementFormularDatenQuelleAkteur-expanded.json	12431	6	0	0	1	0	0	0	1	60	0	0	0	0	0	0	0	0	0	0	41	46	0	0	0	0	2	0	0
input/resources/CapabilityStatement-ISiKCapabilityStatementFormularDatenQuelleAkteur.json	4447	6	0	0	0	0	0	0	1	33	0	0	0	0	0	0	0	0	0	0	19	18	0	0	0	0	0	0	0
input/resources/CapabilityStatement-ISiKCapabilityStatementFormularDatenQuelleRolle.json	10689	6	0	0	0	0	0	0	1	43	0	0	0	0	0	0	0	0	0	0	37	32	0	0	0	0	2	0	0
input/resources/CapabilityStatement-ISiKCapabilityStatementFormularDefinitionsVerwalterAkteur-expanded.json	13616	6	0	0	0	0	0	0	1	40	0	0	0	0	0	0	0	0	0	0	43	43	0	0	0	0	2	0	0
input/resources/CapabilityStatement-ISiKCapabilityStatementFormularDefinitionsVerwalterAkteur.json	4190	5	0	0	0	0	0	0	1	9	0	0	0	0	0	0	0	1	0	0	22	18	0	0	0	0	0	0	0
input/resources/CapabilityStatement-ISiKCapabilityStatementFormularDefinitionsVerwalterRolle.json	11685	6	0	0	0	0	0	0	0	17	0	0	0	0	0	0	0	0	0	0	40	29	0	0	1	0	2	0	0
input/resources/Questionnaire-DemoTemplatebasedExtractionQuestionnaire.json	15928	8	0	0	0	0	0	0	2	140	0	0	0	0	0	0	0	0	0	0	75	62	0	0	0	0	3	0	0
input/resources/Questionnaire-ExampleConditionalItem.json	1948	7	0	0	1	0	0	0	0	16	0	0	0	0	0	0	0	0	0	0	29	27	0	0	0	0	1	0	0
input/resources/Questionnaire-ExampleEntryValidationDecimal.json	3128	7	0	0	0	0	0	0	0	13	0	0	0	0	0	0	0	0	0	0	34	28	0	0	0	0	1	0	0
input/resources/Questionnaire-ExampleEntryValidationText.json	2038	5	0	0	0	0	0	0	0	13	0	0	0	0	0	0	0	0	0	0	28	33	0	0	0	0	1	0	0
input/resources/Questionnaire-ExampleExtractWithUnit.json	3511	6	0	0	0	0	0	0	1	13	0	0	0	0	0	0	0	0	0	0	30	33	0	0	0	0	1	0	0
input/resources/Questionnaire-ExampleInputPatternValidation.json	1648	6	0	0	0	0	0	0	0	13	0	0	0	0	0	0	0	0	0	0	29	26	0	0	0	0	1	0	0
input/resources/Questionnaire-ExampleMdrRelevant.json	2117	5	0	0	0	0	0	0	0	13	0	0	0	0	0	0	0	0	0	0	33	22	0	0	0	0	1	0	0
input/resources/Questionnaire-ExamplePrePopDemo.json	3463	7	0	0	1	0	0	0	0	12	0	0	0	0	0	0	0	0	0	0	33	27	0	0	0	0	1	0	0
input/resources/Questionnaire-ExamplePrePopDemoEnc.json	8465	7	0	0	0	0	0	0	1	18	0	0	0	0	0	0	0	0	0	0	58	40	0	0	0	0	2	0	0
input/resources/Questionnaire-ExamplePrePopObservation.json	5233	6	0	0	0	0	0	0	0	98	0	0	0	0	0	0	0	0	0	0	42	847	0	0	0	0	2	0	0
input/resources/QuestionnaireResponse-ExampleEntryValidationDecimalResponse.json	1216	5	0	0	0	0	0	0	1	3	0	0	0	0	0	0	0	0	0	0	35	28	0	0	0	0	0	0	0
input/resources/QuestionnaireResponse-ExampleExtractWithUnitResponse.json	1130	6	0	0	0	0	0	0	0	2	0	0	0	0	0	0	0	0	0	0	25	26	0	0	0	0	0	0	0
input/resources/QuestionnaireResponse-TestMaxDecimal0.json	1191	6	0	0	0	0	0	0	0	1	0	0	0	0	0	0	0	0	0	0	24	27	0	0	0	0	0	0	0
input/resources/QuestionnaireResponse-TestMaxDecimal1.json	1195	5	0	0	0	0	0	0	0	2	0	0	0	0	0	0	0	0	0	0	24	18	0	0	0	0	0	0	0
input/resources/QuestionnaireResponse-TestMaxDecimal2.json	1196	5	0	0	0	0	0	0	0	1	0	0	0	0	0	0	0	0	0	0	25	15	0	0	0	0	0	0	0
input/resources/QuestionnaireResponse-TestMaxDecimal3.json	1197	6	0	0	0	0	0	0	0	2	0	0	0	0	0	0	0	0	0	0	29	18	0	0	0	0	0	0	0
input/resources/StructureDefinition-ExtensionISiKCapabilityStatementImportsExpectation.json	2513	5	0	12	0	0	0	0	1	31	0	0	0	0	0	0	0	1	0	0	39	599	0	0	0	0	2	0	1
input/resources/StructureDefinition-ISiKBerichtBundle.json	7647	7	0	121	1	0	0	0	0	63	0	0	1	0	0	0	0	1	0	0	377	648	0	0	2	0	18	0	0
input/resources/StructureDefinition-ISiKFormularDaten.json	12174	7	0	78	0	0	0	0	0	53	0	0	0	0	0	0	0	1	0	0	231	813	0	0	1	0	12	1	1
input/resources/StructureDefinition-ISiKFormularDefinition.json	11993	7	0	90	0	0	0	0	0	49	0	0	0	0	0	0	0	1	0	0	308	789	0	0	0	0	14	0	0
input/resources/StructureDefinition-ISiKTerminPriorityExtension.json	1645	6	0	30	0	0	0	0	0	15	0	0	0	0	0	0	0	0	0	0	52	132	0	0	0	0	2	0	0
input/resources/ValueSet-ISiKTerminPriority.json	2146	5	0	0	0	0	0	0	0	372	0	0	0	0	0	0	0	0	0	0	19	284	0	0	0	0	1	0	1
/input/includes/ms-comments-data.html	499	-	-	-	0	0	1	0	0	0	0	0	0	0	0	0	0	0	0	0	0	7	0	0	0	0	0	0	0
/input/includes/artifacts-table-generator-isik.html	2543	-	-	-	0	0	0	0	0	0	0	0	0	0	0	0	0	0	0	0	0	1	0	0	0	0	0	0	0
/fsh-generated/includes/menu.xml	2317	-	-	-	0	0	0	0	0	0	0	0	0	0	0	0	0	0	0	0	0	0	0	0	0	0	0	0	0
/input/pagecontent/Questionnaire-ExampleInputPatternValidation-intro.md	594	-	-	-	0	0	0	0	0	0	0	0	0	0	0	0	0	0	0	0	0	0	0	0	0	0	0	0	0
/input/pagecontent/ReleaseNotes.md	2541	-	-	-	0	0	0	0	0	0	0	0	0	0	0	0	0	0	0	0	0	0	0	0	0	0	0	0	0
/input/pagecontent/Spezifikationen_Beispielszenarien.md	945	-	-	-	0	0	0	0	0	0	0	0	0	0	0	0	0	0	0	0	0	1	0	0	0	0	0	0	0
/input/pagecontent/FunktionenInteraktionen.md	9695	-	-	-	0	0	0	0	0	0	0	0	0	0	0	0	0	0	0	0	0	0	0	0	0	0	0	0	0
/input/pagecontent/Questionnaire-ExampleConditionalItem-intro.md	427	-	-	-	0	0	0	0	0	0	0	0	0	0	0	0	0	0	0	0	0	0	0	0	0	0	0	0	0
/input/pagecontent/Ziele.md	4614	-	-	-	0	0	0	0	0	0	0	0	0	0	0	0	0	0	0	0	0	0	0	0	0	0	0	0	0
/input/pagecontent/Festlegungen.md	1654	-	-	-	0	0	0	0	0	0	0	0	0	0	0	0	0	0	0	0	0	1	0	0	0	0	0	0	0
/input/pagecontent/Spezifikationen_BestPractice.md	3529	-	-	-	0	0	0	0	0	0	0	0	0	0	0	0	0	0	0	0	0	0	0	0	0	0	0	0	0
/input/pagecontent/AkteureOhneCpS.md	3878	-	-	-	0	0	0	0	0	0	0	0	0	0	0	0	0	0	0	0	0	0	0	0	0	0	0	0	0
/input/pagecontent/Spezifikationen_Begriffsdefinitionen.md	1855	-	-	-	0	0	0	0	0	0	0	0	0	0	0	0	0	0	0	0	0	0	0	0	0	0	0	0	0
/input/pagecontent/Questionnaire-ExampleEntryValidationText-intro.md	422	-	-	-	0	0	0	0	0	0	1	0	0	0	0	0	0	0	0	0	0	0	0	0	0	0	0	0	0
/input/pagecontent/Akteure.md	11770	-	-	-	0	0	0	0	0	0	0	0	0	0	0	0	0	0	0	0	0	1	0	0	0	0	0	0	0
/input/pagecontent/Extensions.md	24802	-	-	-	0	0	0	0	0	0	0	0	0	0	0	0	0	0	0	0	0	1	0	0	0	0	0	0	0
/input/pagecontent/artifacts.md	1379	-	-	-	0	0	0	0	0	0	0	0	0	0	0	0	0	0	0	0	0	1	0	0	0	0	0	0	0
/input/pagecontent/Questionnaire-ExampleExtractWithUnit-intro.md	650	-	-	-	0	0	0	0	0	0	0	0	0	0	0	0	0	0	0	0	0	0	0	0	0	0	0	0	0
/input/pagecontent/Questionnaire-ExampleMdrRelevant-intro.md	422	-	-	-	0	0	0	0	0	0	0	0	0	0	0	0	0	0	0	0	0	0	0	0	0	0	0	0	0
/input/pagecontent/_generate-ms-data.md	81	-	-	-	0	0	0	0	0	0	0	0	0	0	0	0	0	0	0	0	0	0	0	0	0	0	0	0	0
/input/pagecontent/Questionnaire-ExamplePrePopObservation-intro.md	780	-	-	-	0	0	0	0	0	0	0	0	0	0	0	0	0	0	0	0	0	0	0	0	0	0	0	0	0
/input/pagecontent/Questionnaire-ExamplePrePopDemo-intro.md	776	-	-	-	0	0	0	0	0	0	0	0	0	0	0	0	0	0	0	0	0	0	0	0	0	0	0	0	0
/input/pagecontent/index.md	5021	-	-	-	0	0	0	0	0	0	0	0	0	0	0	0	0	0	0	0	0	1	0	0	0	0	0	0	0
/input/pagecontent/Questionnaire-ExampleEntryValidationDecimal-intro.md	422	-	-	-	0	0	0	0	0	0	0	0	0	0	0	0	0	0	0	0	0	0	0	0	0	0	0	0	0
/template/config	0	-	-	-	0	0	0	0	0	0	0	0	0	0	0	0	0	0	0	0	0	0	0	0	0	0	0	0	0
/template/config/_config.yml	31	-	-	-	0	0	0	0	0	0	0	0	0	0	0	0	0	0	0	0	0	0	0	0	0	0	0	0	0
/temp/pages/_includes/artifacts.xml	30370	-	-	-	-	-	-	-	-	-	-	-	-	-	-	-	-	-	-	-	-	2	0	0	0	0	0	0	0
