{
  "resourceType": "Appointment",
  "id": "ISiKTerminExampleExtendedICU",
  "meta": {
    "tag": [
      {
        "code": "external",
        "system": "http://fhir.de/CodeSystem/common-meta-tag-de"
      }
    ],
    "profile": [
      "https://gematik.de/fhir/isik/StructureDefinition/ISiKTermin"
    ]
  },
  "extension": [
    {
      "url": "https://gematik.de/fhir/isik/StructureDefinition/ISiKNachrichtExtension",
      "valueReference": {
        "reference": "Communication/ISiKNachrichtExample"
      }
    }
  ],
  "status": "proposed",
  "start": "2022-12-10T09:00:00Z",
  "end": "2022-12-10T09:30:00Z",
  "slot": [
    {
      "reference": "Slot/ISiKTerminblockExample"
    }
  ],
  "serviceType": [
    {
      "coding": [
        {
          "code": "174",
          "system": "http://terminology.hl7.org/CodeSystem/service-type"
        }
      ]
    }
  ],
  "specialty": [
    {
      "coding": [
        {
          "code": "INTM",
          "system": "http://ihe-d.de/CodeSystems/AerztlicheFachrichtungen"
        }
      ]
    },
    {
      "coding": [
        {
          "code": "3600",
          "system": "http://fhir.de/CodeSystem/dkgev/Fachabteilungsschluessel-erweitert"
        }
      ]
    }
  ],
  "participant": [
    {
      "actor": {
        "display": "Test Patient",
        "reference": "Patient/example"
      },
      "status": "accepted"
    }
  ],
  "_priority": {
    "extension": [
      {
        "url": "https://gematik.de/fhir/isik/StructureDefinition/ISiKTerminPriorityExtension",
        "valueCodeableConcept": {
          "coding": [
            {
              "code": "25876001",
              "system": "http://snomed.info/sct"
            }
          ]
        }
      }
    ]
  }
}
