{
  "resourceType": "CapabilityStatement",
  "id": "ISiKCapabilityStatementTerminplanungServer",
  "url": "https://gematik.de/fhir/isik/CapabilityStatement/ISiKCapabilityStatementTerminplanungServer",
  "status": "active",
  "experimental": false,
  "publisher": "gematik GmbH",
  "version": "4.0.0",
  "date": "2024-10-01",
  "implementationGuide": [
    "https://gematik.de/fhir/isik/ImplementationGuide/ISiK-Terminplanung"
  ],
  "name": "ISiKCapabilityStatementTerminplanungServer",
  "title": "ISiK CapabilityStatement Terminplanung Server",
  "contact": [
    {
      "telecom": [
        {
          "system": "url",
          "value": "https://www.gematik.de"
        }
      ]
    }
  ],
  "description": "Das vorliegende CapabilityStatement beschreibt alle verpflichtenden Interaktionen die ein ISiK-konformes System unterstützen muss um das Bestätigungsverfahren des Moduls 'Terminplanung' zu bestehen.",
  "jurisdiction": [
    {
      "coding": [
        {
          "code": "DE",
          "system": "urn:iso:std:iso:3166",
          "display": "Germany"
        }
      ]
    }
  ],
  "kind": "requirements",
  "fhirVersion": "4.0.1",
  "format": [
    "application/fhir+xml",
    "application/fhir+json"
  ],
  "instantiates": [
    "https://gematik.de/fhir/isik/CapabilityStatement/ISiKCapabilityStatementTerminplanungServer"
  ],
  "rest": [
    {
      "mode": "server",
      "resource": [
        {
          "extension": [
            {
              "url": "http://hl7.org/fhir/StructureDefinition/capabilitystatement-expectation",
              "valueCode": "SHALL"
            }
          ],
          "type": "Schedule",
          "supportedProfile": [
            "https://gematik.de/fhir/isik/StructureDefinition/ISiKKalender"
          ],
          "interaction": [
            {
              "extension": [
                {
                  "url": "http://hl7.org/fhir/StructureDefinition/capabilitystatement-expectation",
                  "valueCode": "SHALL"
                }
              ],
              "code": "read"
            },
            {
              "extension": [
                {
                  "url": "http://hl7.org/fhir/StructureDefinition/capabilitystatement-expectation",
                  "valueCode": "SHALL"
                }
              ],
              "code": "search-type"
            }
          ],
          "searchParam": [
            {
              "extension": [
                {
                  "url": "http://hl7.org/fhir/StructureDefinition/capabilitystatement-expectation",
                  "valueCode": "SHALL"
                }
              ],
              "name": "_id",
              "definition": "http://hl7.org/fhir/SearchParameter/Resource-id",
              "type": "token"
            },
            {
              "extension": [
                {
                  "url": "http://hl7.org/fhir/StructureDefinition/capabilitystatement-expectation",
                  "valueCode": "SHALL"
                }
              ],
              "name": "active",
              "definition": "http://hl7.org/fhir/SearchParameter/Schedule-active",
              "type": "token"
            },
            {
              "extension": [
                {
                  "url": "http://hl7.org/fhir/StructureDefinition/capabilitystatement-expectation",
                  "valueCode": "SHALL"
                }
              ],
              "name": "service-type",
              "definition": "http://hl7.org/fhir/SearchParameter/Schedule-service-type",
              "type": "token"
            },
            {
              "extension": [
                {
                  "url": "http://hl7.org/fhir/StructureDefinition/capabilitystatement-expectation",
                  "valueCode": "SHALL"
                }
              ],
              "name": "specialty",
              "definition": "http://hl7.org/fhir/SearchParameter/Schedule-specialty",
              "type": "token"
            },
            {
              "extension": [
                {
                  "url": "http://hl7.org/fhir/StructureDefinition/capabilitystatement-expectation",
                  "valueCode": "SHALL"
                }
              ],
              "name": "actor",
              "definition": "http://hl7.org/fhir/SearchParameter/Schedule-actor",
              "type": "reference"
            }
          ],
          "searchRevInclude": [
            "Slot:schedule"
          ],
          "_searchRevInclude": [
            {
              "extension": [
                {
                  "url": "http://hl7.org/fhir/StructureDefinition/capabilitystatement-expectation",
                  "valueCode": "SHALL"
                }
              ]
            }
          ],
          "searchInclude": [
            "Schedule:actor"
          ],
          "_searchInclude": [
            {
              "extension": [
                {
                  "url": "http://hl7.org/fhir/StructureDefinition/capabilitystatement-expectation",
                  "valueCode": "SHALL"
                }
              ]
            }
          ]
        },
        {
          "extension": [
            {
              "url": "http://hl7.org/fhir/StructureDefinition/capabilitystatement-expectation",
              "valueCode": "SHALL"
            }
          ],
          "type": "Slot",
          "supportedProfile": [
            "https://gematik.de/fhir/isik/StructureDefinition/ISiKTerminblock"
          ],
          "interaction": [
            {
              "extension": [
                {
                  "url": "http://hl7.org/fhir/StructureDefinition/capabilitystatement-expectation",
                  "valueCode": "SHALL"
                }
              ],
              "code": "read"
            },
            {
              "extension": [
                {
                  "url": "http://hl7.org/fhir/StructureDefinition/capabilitystatement-expectation",
                  "valueCode": "SHALL"
                }
              ],
              "code": "search-type"
            }
          ],
          "searchParam": [
            {
              "extension": [
                {
                  "url": "http://hl7.org/fhir/StructureDefinition/capabilitystatement-expectation",
                  "valueCode": "SHALL"
                }
              ],
              "name": "_id",
              "definition": "http://hl7.org/fhir/SearchParameter/Resource-id",
              "type": "token"
            },
            {
              "extension": [
                {
                  "url": "http://hl7.org/fhir/StructureDefinition/capabilitystatement-expectation",
                  "valueCode": "SHALL"
                }
              ],
              "name": "schedule",
              "definition": "http://hl7.org/fhir/SearchParameter/Slot-schedule",
              "type": "reference"
            },
            {
              "extension": [
                {
                  "url": "http://hl7.org/fhir/StructureDefinition/capabilitystatement-expectation",
                  "valueCode": "SHALL"
                }
              ],
              "name": "status",
              "definition": "http://hl7.org/fhir/SearchParameter/Slot-status",
              "type": "token"
            },
            {
              "extension": [
                {
                  "url": "http://hl7.org/fhir/StructureDefinition/capabilitystatement-expectation",
                  "valueCode": "SHALL"
                }
              ],
              "name": "start",
              "definition": "http://hl7.org/fhir/SearchParameter/Slot-start",
              "type": "date"
            }
          ],
          "searchInclude": [
            "Slot:schedule"
          ],
          "_searchInclude": [
            {
              "extension": [
                {
                  "url": "http://hl7.org/fhir/StructureDefinition/capabilitystatement-expectation",
                  "valueCode": "SHALL"
                }
              ]
            }
          ],
          "searchRevInclude": [
            "Appointment:slot"
          ],
          "_searchRevInclude": [
            {
              "extension": [
                {
                  "url": "http://hl7.org/fhir/StructureDefinition/capabilitystatement-expectation",
                  "valueCode": "SHALL"
                }
              ]
            }
          ]
        },
        {
          "extension": [
            {
              "url": "http://hl7.org/fhir/StructureDefinition/capabilitystatement-expectation",
              "valueCode": "SHALL"
            }
          ],
          "type": "Appointment",
          "supportedProfile": [
            "https://gematik.de/fhir/isik/StructureDefinition/ISiKTermin"
          ],
          "interaction": [
            {
              "extension": [
                {
                  "url": "http://hl7.org/fhir/StructureDefinition/capabilitystatement-expectation",
                  "valueCode": "SHALL"
                }
              ],
              "code": "read"
            },
            {
              "extension": [
                {
                  "url": "http://hl7.org/fhir/StructureDefinition/capabilitystatement-expectation",
                  "valueCode": "SHALL"
                }
              ],
              "code": "search-type"
            },
            {
              "extension": [
                {
                  "url": "http://hl7.org/fhir/StructureDefinition/capabilitystatement-expectation",
                  "valueCode": "SHALL"
                }
              ],
              "code": "patch"
            }
          ],
          "searchParam": [
            {
              "extension": [
                {
                  "url": "http://hl7.org/fhir/StructureDefinition/capabilitystatement-expectation",
                  "valueCode": "SHALL"
                }
              ],
              "name": "_id",
              "definition": "http://hl7.org/fhir/SearchParameter/Resource-id",
              "type": "token"
            },
            {
              "extension": [
                {
                  "url": "http://hl7.org/fhir/StructureDefinition/capabilitystatement-expectation",
                  "valueCode": "SHALL"
                }
              ],
              "name": "status",
              "definition": "http://hl7.org/fhir/SearchParameter/Appointment-status",
              "type": "token"
            },
            {
              "extension": [
                {
                  "url": "http://hl7.org/fhir/StructureDefinition/capabilitystatement-expectation",
                  "valueCode": "SHALL"
                }
              ],
              "name": "service-type",
              "definition": "http://hl7.org/fhir/SearchParameter/Appointment-service-type",
              "type": "token"
            },
            {
              "extension": [
                {
                  "url": "http://hl7.org/fhir/StructureDefinition/capabilitystatement-expectation",
                  "valueCode": "SHALL"
                }
              ],
              "name": "specialty",
              "definition": "http://hl7.org/fhir/SearchParameter/Appointment-service-type",
              "type": "token"
            },
            {
              "extension": [
                {
                  "url": "http://hl7.org/fhir/StructureDefinition/capabilitystatement-expectation",
                  "valueCode": "SHALL"
                }
              ],
              "name": "date",
              "definition": "http://hl7.org/fhir/SearchParameter/Appointment-date",
              "type": "date"
            },
            {
              "extension": [
                {
                  "url": "http://hl7.org/fhir/StructureDefinition/capabilitystatement-expectation",
                  "valueCode": "SHALL"
                }
              ],
              "name": "slot",
              "definition": "http://hl7.org/fhir/SearchParameter/Appointment-slot",
              "type": "reference"
            },
            {
              "extension": [
                {
                  "url": "http://hl7.org/fhir/StructureDefinition/capabilitystatement-expectation",
                  "valueCode": "SHALL"
                }
              ],
              "name": "actor",
              "definition": "http://hl7.org/fhir/SearchParameter/Appointment-actor",
              "type": "reference"
            }
          ],
          "operation": [
            {
              "extension": [
                {
                  "url": "http://hl7.org/fhir/StructureDefinition/capabilitystatement-expectation",
                  "valueCode": "SHALL"
                }
              ],
              "name": "book",
              "definition": "https://gematik.de/fhir/isik/OperationDefinition/AppointmentBook"
            }
          ],
          "searchInclude": [
            "Appointment:slot",
            "Appointment:actor"
          ],
          "_searchInclude": [
            {
              "extension": [
                {
                  "url": "http://hl7.org/fhir/StructureDefinition/capabilitystatement-expectation",
                  "valueCode": "SHALL"
                }
              ]
            },
            {
              "extension": [
                {
                  "url": "http://hl7.org/fhir/StructureDefinition/capabilitystatement-expectation",
                  "valueCode": "SHALL"
                }
              ]
            }
          ]
        },
        {
          "extension": [
            {
              "url": "http://hl7.org/fhir/StructureDefinition/capabilitystatement-expectation",
              "valueCode": "MAY"
            }
          ],
          "type": "Communication",
          "supportedProfile": [
            "https://gematik.de/fhir/isik/StructureDefinition/ISiKNachricht"
          ],
          "interaction": [
            {
              "extension": [
                {
                  "url": "http://hl7.org/fhir/StructureDefinition/capabilitystatement-expectation",
                  "valueCode": "SHALL"
                }
              ],
              "code": "read"
            },
            {
              "extension": [
                {
                  "url": "http://hl7.org/fhir/StructureDefinition/capabilitystatement-expectation",
                  "valueCode": "SHALL"
                }
              ],
              "code": "create"
            },
            {
              "extension": [
                {
                  "url": "http://hl7.org/fhir/StructureDefinition/capabilitystatement-expectation",
                  "valueCode": "SHALL"
                }
              ],
              "code": "update"
            },
            {
              "extension": [
                {
                  "url": "http://hl7.org/fhir/StructureDefinition/capabilitystatement-expectation",
                  "valueCode": "SHALL"
                }
              ],
              "code": "search-type"
            }
          ],
          "searchParam": [
            {
              "extension": [
                {
                  "url": "http://hl7.org/fhir/StructureDefinition/capabilitystatement-expectation",
                  "valueCode": "SHALL"
                }
              ],
              "name": "_id",
              "definition": "http://hl7.org/fhir/SearchParameter/Resource-id",
              "type": "token"
            },
            {
              "extension": [
                {
                  "url": "http://hl7.org/fhir/StructureDefinition/capabilitystatement-expectation",
                  "valueCode": "SHALL"
                }
              ],
              "name": "subject",
              "definition": "http://hl7.org/fhir/SearchParameter/Communication-subject",
              "type": "reference"
            },
            {
              "extension": [
                {
                  "url": "http://hl7.org/fhir/StructureDefinition/capabilitystatement-expectation",
                  "valueCode": "SHALL"
                }
              ],
              "name": "recipient",
              "definition": "http://hl7.org/fhir/SearchParameter/Communication-recipient",
              "type": "reference"
            },
            {
              "extension": [
                {
                  "url": "http://hl7.org/fhir/StructureDefinition/capabilitystatement-expectation",
                  "valueCode": "SHALL"
                }
              ],
              "name": "sender",
              "definition": "http://hl7.org/fhir/SearchParameter/Communication-sender",
              "type": "reference"
            }
          ],
          "searchInclude": [
            "Communication:sender",
            "Communication:subject"
          ],
          "_searchInclude": [
            {
              "extension": [
                {
                  "url": "http://hl7.org/fhir/StructureDefinition/capabilitystatement-expectation",
                  "valueCode": "SHALL"
                }
              ]
            },
            {
              "extension": [
                {
                  "url": "http://hl7.org/fhir/StructureDefinition/capabilitystatement-expectation",
                  "valueCode": "SHALL"
                }
              ]
            }
          ]
        },
        {
          "extension": [
            {
              "url": "http://hl7.org/fhir/StructureDefinition/capabilitystatement-expectation",
              "valueCode": "SHALL"
            }
          ],
          "type": "HealthcareService",
          "supportedProfile": [
            "https://gematik.de/fhir/isik/StructureDefinition/ISiKMedizinischeBehandlungseinheit"
          ],
          "interaction": [
            {
              "extension": [
                {
                  "url": "http://hl7.org/fhir/StructureDefinition/capabilitystatement-expectation",
                  "valueCode": "SHALL"
                }
              ],
              "code": "read"
            },
            {
              "extension": [
                {
                  "url": "http://hl7.org/fhir/StructureDefinition/capabilitystatement-expectation",
                  "valueCode": "SHALL"
                }
              ],
              "code": "search-type"
            }
          ],
          "searchParam": [
            {
              "extension": [
                {
                  "url": "http://hl7.org/fhir/StructureDefinition/capabilitystatement-expectation",
                  "valueCode": "SHALL"
                }
              ],
              "name": "_id",
              "definition": "http://hl7.org/fhir/SearchParameter/Resource-id",
              "type": "token"
            },
            {
              "extension": [
                {
                  "url": "http://hl7.org/fhir/StructureDefinition/capabilitystatement-expectation",
                  "valueCode": "SHALL"
                }
              ],
              "name": "active",
              "definition": "http://hl7.org/fhir/SearchParameter/HealthcareService-active",
              "type": "token"
            },
            {
              "extension": [
                {
                  "url": "http://hl7.org/fhir/StructureDefinition/capabilitystatement-expectation",
                  "valueCode": "SHALL"
                }
              ],
              "name": "service-type",
              "definition": "http://hl7.org/fhir/SearchParameter/HealthcareService-service-type",
              "type": "token"
            },
            {
              "extension": [
                {
                  "url": "http://hl7.org/fhir/StructureDefinition/capabilitystatement-expectation",
                  "valueCode": "SHALL"
                }
              ],
              "name": "specialty",
              "definition": "http://hl7.org/fhir/SearchParameter/HealthcareService-specialty",
              "type": "token"
            },
            {
              "extension": [
                {
                  "url": "http://hl7.org/fhir/StructureDefinition/capabilitystatement-expectation",
                  "valueCode": "SHALL"
                }
              ],
              "name": "name",
              "definition": "http://hl7.org/fhir/SearchParameter/HealthcareService-name",
              "type": "string"
            }
          ],
          "searchRevInclude": [
            "Schedule:actor",
            "Communication:recipient",
            "Appointment:actor"
          ],
          "_searchRevInclude": [
            {
              "extension": [
                {
                  "url": "http://hl7.org/fhir/StructureDefinition/capabilitystatement-expectation",
                  "valueCode": "SHALL"
                }
              ]
            },
            {
              "extension": [
                {
                  "url": "http://hl7.org/fhir/StructureDefinition/capabilitystatement-expectation",
                  "valueCode": "SHALL"
                }
              ]
            },
            {
              "extension": [
                {
                  "url": "http://hl7.org/fhir/StructureDefinition/capabilitystatement-expectation",
                  "valueCode": "SHALL"
                }
              ]
            }
          ]
        },
        {
          "extension": [
            {
              "url": "http://hl7.org/fhir/StructureDefinition/capabilitystatement-expectation",
              "valueCode": "MAY"
            }
          ],
          "type": "Binary",
          "supportedProfile": [
            "https://gematik.de/fhir/isik/v3/Basismodul/StructureDefinition/ISiKBinary"
          ],
          "interaction": [
            {
              "extension": [
                {
                  "url": "http://hl7.org/fhir/StructureDefinition/capabilitystatement-expectation",
                  "valueCode": "SHALL"
                }
              ],
              "code": "read"
            },
            {
              "extension": [
                {
                  "url": "http://hl7.org/fhir/StructureDefinition/capabilitystatement-expectation",
                  "valueCode": "SHALL"
                }
              ],
              "code": "create"
            }
          ]
        }
      ]
    }
  ]
}
