{
  "resourceType": "Schedule",
  "id": "ISiKKalenderExample",
  "meta": {
    "profile": [
      "https://gematik.de/fhir/isik/StructureDefinition/ISiKKalender"
    ]
  },
  "active": true,
  "serviceType": [
    {
      "coding": [
        {
          "code": "124",
          "system": "http://terminology.hl7.org/CodeSystem/service-type"
        }
      ]
    }
  ],
  "specialty": [
    {
      "coding": [
        {
          "code": "ALLG",
          "system": "http://ihe-d.de/CodeSystems/AerztlicheFachrichtungen"
        }
      ]
    }
  ],
  "actor": [
    {
      "reference": "Practitioner/example",
      "display": "Dr. Fleming"
    }
  ]
}
