{
  "resourceType": "StructureDefinition",
  "id": "ISiKTerminPriorityExtension",
  "url": "https://gematik.de/fhir/isik/StructureDefinition/ISiKTerminPriorityExtension",
  "version": "4.0.0",
  "name": "ISiKTerminPriorityExtension",
  "status": "active",
  "experimental": false,
  "date": "2024-10-01",
  "publisher": "gematik GmbH",
  "fhirVersion": "4.0.1",
  "kind": "complex-type",
  "abstract": false,
  "context": [
    {
      "type": "element",
      "expression": "Element"
    }
  ],
  "type": "Extension",
  "baseDefinition": "http://hl7.org/fhir/StructureDefinition/Extension",
  "derivation": "constraint",
  "differential": {
    "element": [
      {
        "id": "Extension.extension",
        "path": "Extension.extension",
        "max": "0"
      },
      {
        "id": "Extension.url",
        "path": "Extension.url",
        "fixedUri": "https://gematik.de/fhir/isik/StructureDefinition/ISiKTerminPriorityExtension"
      },
      {
        "id": "Extension.value[x]",
        "path": "Extension.value[x]",
        "min": 1,
        "type": [
          {
            "code": "CodeableConcept"
          }
        ],
        "mustSupport": true,
        "binding": {
          "strength": "required",
          "valueSet": "https://gematik.de/fhir/isik/ValueSet/ISiKTerminPriority"
        }
      }
    ]
  }
}
