{
  "resourceType": "StructureDefinition",
  "id": "ISiKMedizinischeBehandlungseinheit",
  "url": "https://gematik.de/fhir/isik/StructureDefinition/ISiKMedizinischeBehandlungseinheit",
  "version": "4.0.0",
  "name": "ISiKMedizinischeBehandlungseinheit",
  "status": "active",
  "experimental": false,
  "date": "2024-10-01",
  "publisher": "gematik GmbH",
  "fhirVersion": "4.0.1",
  "kind": "resource",
  "abstract": false,
  "type": "HealthcareService",
  "baseDefinition": "http://hl7.org/fhir/StructureDefinition/HealthcareService",
  "derivation": "constraint",
  "differential": {
    "element": [
      {
        "id": "HealthcareService.active",
        "path": "HealthcareService.active",
        "min": 1,
        "mustSupport": true
      },
      {
        "id": "HealthcareService.type",
        "path": "HealthcareService.type",
        "min": 1,
        "mustSupport": true
      },
      {
        "id": "HealthcareService.specialty",
        "path": "HealthcareService.specialty",
        "slicing": {
          "discriminator": [
            {
              "type": "pattern",
              "path": "$this"
            }
          ],
          "rules": "open"
        },
        "min": 1,
        "mustSupport": true
      },
      {
        "id": "HealthcareService.specialty:Fachrichtung",
        "path": "HealthcareService.specialty",
        "sliceName": "Fachrichtung",
        "comment": "Die Wahl des hinterlegten ValueSets (http://ihe-d.de/ValueSets/IHEXDSpracticeSettingCode) wurde mit einem Mitglied der IHE Deutschland Arbeitsgruppe XDS ValueSets (https://www.ihe-d.de/projekte/xds-value-sets-fuer-deutschland/) sowie mit der KBV abgestimmt (Stand:13.6.2024).",
        "min": 1,
        "max": "1",
        "mustSupport": true,
        "binding": {
          "strength": "required",
          "valueSet": "http://ihe-d.de/ValueSets/IHEXDSpracticeSettingCode"
        }
      },
      {
        "id": "HealthcareService.specialty:ErweiterterFachabteilungsschluessel",
        "path": "HealthcareService.specialty",
        "sliceName": "ErweiterterFachabteilungsschluessel",
        "comment": "Dieses ValueSet KANN über ein Mapping (siehe Abschnitt https://wiki.hl7.de/index.php?title=IG:Value_Sets_f%C3%BCr_XDS#DocumentEntry.practiceSettingCode) mit dem ValueSet der Fachrichtung verknüpft werden und darüber ggf. die Integration von Systemen erleichtern.",
        "min": 0,
        "max": "1",
        "binding": {
          "strength": "required",
          "valueSet": "http://fhir.de/CodeSystem/dkgev/Fachabteilungsschluessel-erweitert"
        }
      },
      {
        "id": "HealthcareService.name",
        "path": "HealthcareService.name",
        "min": 1,
        "mustSupport": true
      }
    ]
  }
}
