{
  "resourceType": "StructureDefinition",
  "id": "ISiKKalender",
  "url": "https://gematik.de/fhir/isik/StructureDefinition/ISiKKalender",
  "version": "4.0.0",
  "name": "ISiKKalender",
  "status": "active",
  "experimental": false,
  "date": "2024-10-01",
  "publisher": "gematik GmbH",
  "fhirVersion": "4.0.1",
  "kind": "resource",
  "abstract": false,
  "type": "Schedule",
  "baseDefinition": "http://hl7.org/fhir/StructureDefinition/Schedule",
  "derivation": "constraint",
  "differential": {
    "element": [
      {
        "id": "Schedule.extension",
        "path": "Schedule.extension",
        "mustSupport": true
      },
      {
        "id": "Schedule.extension.extension",
        "path": "Schedule.extension.extension",
        "max": "0"
      },
      {
        "id": "Schedule.extension.value[x]",
        "path": "Schedule.extension.value[x]",
        "slicing": {
          "discriminator": [
            {
              "type": "type",
              "path": "$this"
            }
          ],
          "ordered": false,
          "rules": "open"
        },
        "min": 1
      },
      {
        "id": "Schedule.extension.value[x]:valueString",
        "path": "Schedule.extension.value[x]",
        "sliceName": "valueString",
        "min": 1,
        "max": "1",
        "type": [
          {
            "code": "string"
          }
        ]
      },
      {
        "id": "Schedule.extension:KalenderName",
        "path": "Schedule.extension",
        "sliceName": "KalenderName",
        "min": 0,
        "max": "1",
        "type": [
          {
            "code": "Extension",
            "profile": [
              "http://hl7.org/fhir/5.0/StructureDefinition/extension-Schedule.name"
            ]
          }
        ],
        "mustSupport": true
      },
      {
        "id": "Schedule.active",
        "path": "Schedule.active",
        "min": 1,
        "mustSupport": true
      },
      {
        "id": "Schedule.serviceType",
        "path": "Schedule.serviceType",
        "min": 1,
        "mustSupport": true
      },
      {
        "id": "Schedule.specialty",
        "path": "Schedule.specialty",
        "slicing": {
          "discriminator": [
            {
              "type": "pattern",
              "path": "$this"
            }
          ],
          "rules": "open"
        },
        "min": 1,
        "mustSupport": true
      },
      {
        "id": "Schedule.specialty:Fachrichtung",
        "path": "Schedule.specialty",
        "sliceName": "Fachrichtung",
        "comment": "Die Wahl des hinterlegten ValueSets (http://ihe-d.de/ValueSets/IHEXDSpracticeSettingCode) wurde mit einem Mitglied der IHE Deutschland Arbeitsgruppe XDS ValueSets (https://www.ihe-d.de/projekte/xds-value-sets-fuer-deutschland/) sowie mit der KBV abgestimmt (Stand:13.6.2024).",
        "min": 1,
        "max": "1",
        "mustSupport": true,
        "binding": {
          "strength": "required",
          "valueSet": "http://ihe-d.de/ValueSets/IHEXDSpracticeSettingCode"
        }
      },
      {
        "id": "Schedule.specialty:ErweiterterFachabteilungsschluessel",
        "path": "Schedule.specialty",
        "sliceName": "ErweiterterFachabteilungsschluessel",
        "comment": "Dieses ValueSet KANN über ein Mapping (siehe Abschnitt https://wiki.hl7.de/index.php?title=IG:Value_Sets_f%C3%BCr_XDS#DocumentEntry.practiceSettingCode) mit dem ValueSet der Fachrichtung verknüpft werden und darüber ggf. die Integration von Systemen erleichtern.",
        "min": 0,
        "max": "1",
        "binding": {
          "strength": "required",
          "valueSet": "http://fhir.de/CodeSystem/dkgev/Fachabteilungsschluessel-erweitert"
        }
      },
      {
        "id": "Schedule.actor",
        "path": "Schedule.actor",
        "slicing": {
          "discriminator": [
            {
              "type": "type",
              "path": "$this"
            }
          ],
          "rules": "open"
        },
        "mustSupport": true
      },
      {
        "id": "Schedule.actor.identifier",
        "path": "Schedule.actor.identifier",
        "mustSupport": true
      },
      {
        "id": "Schedule.actor.display",
        "path": "Schedule.actor.display",
        "min": 1,
        "mustSupport": true
      },
      {
        "id": "Schedule.actor:Akteur",
        "path": "Schedule.actor",
        "sliceName": "Akteur",
        "comment": "Im ISIK-Kontext MUSS die referenzierte Practitioner-Ressource konform zum [ISiKPersonImGesundheitsberuf](https://gematik.de/fhir/isik/StructureDefinition/ISiKPersonImGesundheitsberuf) des Basismoduls sein. Zudem MUSS die referenzierte Location-Ressource konform zum [ISiKStandort](https://gematik.de/fhir/isik/StructureDefinition/ISiKStandort) des Basismoduls sein. Dieses Element dient dazu, um alle Akteure zu gruppieren, sodass für diese Einheit von Terminressourcen ein Terminblock herausgegeben werden kann. Unter 'Akteure' fallen hier auch Standorte und Dienstleistungen.",
        "min": 0,
        "max": "1",
        "type": [
          {
            "code": "Reference",
            "targetProfile": [
              "http://hl7.org/fhir/StructureDefinition/Practitioner",
              "http://hl7.org/fhir/StructureDefinition/HealthcareService",
              "http://hl7.org/fhir/StructureDefinition/Location"
            ]
          }
        ],
        "mustSupport": true
      },
      {
        "id": "Schedule.actor:Akteur.reference",
        "path": "Schedule.actor.reference",
        "min": 1,
        "mustSupport": true
      }
    ]
  }
}
