{
  "resourceType": "ValueSet",
  "status": "active",
  "name": "ISiKTerminCancelationReason",
  "id": "ISiKTerminCancelationReason",
  "description": "Enthaelt alle erlaubten Gruende fuer eine Stornierung eines ISiKTermins",
  "version": "4.0.0",
  "url": "https://gematik.de/fhir/isik/ValueSet/ISiKTerminCancelationReason",
  "experimental": false,
  "publisher": "gematik GmbH",
  "date": "2024-10-01",
  "compose": {
    "include": [
      {
        "system": "http://terminology.hl7.org/CodeSystem/appointment-cancellation-reason",
        "concept": [
          {
            "code": "pat"
          },
          {
            "code": "prov"
          },
          {
            "code": "maint"
          },
          {
            "code": "meds-inc"
          },
          {
            "code": "other"
          }
        ]
      }
    ]
  }
}
