{
  "resourceType": "ValueSet",
  "status": "active",
  "name": "ISiKTerminPriority",
  "id": "ISiKTerminPriority",
  "description": "Enthaelt alle SNOMED Codes, die eine valide Priorität für den ISiKTermin sind",
  "version": "4.0.0",
  "url": "https://gematik.de/fhir/isik/ValueSet/ISiKTerminPriority",
  "experimental": false,
  "publisher": "gematik GmbH",
  "date": "2024-10-01",
  "compose": {
    "include": [
      {
        "system": "http://snomed.info/sct",
        "filter": [
          {
            "property": "concept",
            "op": "descendent-of",
            "value": "272125009"
          }
        ]
      }
    ]
  }
}
