{
  "resourceType": "Composition",
  "id": "composition-blutdruck",
  "meta": {
    "profile": [
      "https://gematik.de/fhir/isik/v3/Basismodul/StructureDefinition/ISiKBerichtSubSysteme"
    ]
  },
  "status": "final",
  "text": {
    "status": "extensions",
    "div": "<div xmlns=\"http://www.w3.org/1999/xhtml\"><p>Familienname:Fürstin von Musterfrau</p><p>Geburtsdatum:1964-08-12</p><p>PID:TestPID</p><p>Bericht-Status:final</p><p>Bericht-Typ:Berichtzusammenfassung / Document Summary</p><p>Datum:03.05.2022</p><p>Titel:Blutdruckmessung vom 3.5.2022</p><p>Autor:Gerät XY, Fa. Z, Modell T</p></div>"
  },
  "identifier": {
    "type": {
      "coding": [
        {
          "code": "FILL",
          "system": "http://terminology.hl7.org/CodeSystem/v2-0203"
        }
      ]
    },
    "system": "https://fhir.krankenhaus.example/sid/system-a/berichtnummer",
    "value": "0123456789"
  },
  "type": {
    "coding": [
      {
        "code": "55112-7",
        "system": "http://loinc.org"
      }
    ]
  },
  "subject": {
    "reference": "urn:uuid:3bada18a-6fd2-11ed-a1eb-0242ac112345"
  },
  "encounter": {
    "reference": "urn:uuid:74b46c1a-6fc9-11ed-a1eb-0242ac198765"
  },
  "date": "2022-05-03",
  "author": [
    {
      "type": "Device",
      "display": "Gerät XY, Fa. Z, Modell T"
    }
  ],
  "title": "Blutdruckmessung vom 3.5.2022",
  "section": [
    {
      "title": "Messung",
      "text": {
        "status": "generated",
        "div": "<div xmlns=\"http://www.w3.org/1999/xhtml\"><table><tr><td><b>Systolisch</b></td><td><b>Diastolisch</b></td><td><b>Einheit</b></td><td><b>Uhrzeit</b></td></tr><tr><td>140</td><td>110</td><td>mmHG</td><td>17:15h</td></tr></table></div>"
      }
    }
  ]
}
