{
  "resourceType": "StructureDefinition",
  "id": "identifier-abrechnungsnummer",
  "url": "https://gematik.de/fhir/isik/v3/Basismodul/StructureDefinition/identifier-abrechnungsnummer",
  "version": "3.0.5",
  "name": "IdentifierAbrechnungsnummer",
  "title": "Identifier-Profil für die Abbildung einer Abrechnungsnummer (\"Fallnummer\") ",
  "status": "active",
  "experimental": false,
  "date": "2024-04-30",
  "publisher": "gematik GmbH",
  "description": "Identifier-Profil für die Abbildung einer organisationsspezifischen Abrechnungsnummer (\"Fallnummer\")",
  "fhirVersion": "4.0.1",
  "kind": "complex-type",
  "abstract": false,
  "type": "Identifier",
  "baseDefinition": "http://hl7.org/fhir/StructureDefinition/Identifier",
  "derivation": "constraint",
  "differential": {
    "element": [
      {
        "id": "Identifier.type",
        "path": "Identifier.type",
        "min": 1,
        "patternCodeableConcept": {
          "coding": [
            {
              "code": "AN",
              "system": "http://terminology.hl7.org/CodeSystem/v2-0203"
            }
          ]
        },
        "binding": {
          "strength": "required",
          "valueSet": "https://gematik.de/fhir/isik/v3/Basismodul/ValueSet/ISiKAccountIdentifierType"
        }
      },
      {
        "id": "Identifier.system",
        "path": "Identifier.system",
        "min": 1
      },
      {
        "id": "Identifier.value",
        "path": "Identifier.value",
        "min": 1
      }
    ]
  }
}
