{
  "resourceType": "ValueSet",
  "status": "active",
  "name": "ISiKAccountIdentifierType",
  "id": "ISiKAccountIdentifierType",
  "title": "ISiKAccountIdentifierType",
  "url": "https://gematik.de/fhir/isik/v3/Basismodul/ValueSet/ISiKAccountIdentifierType",
  "version": "3.0.5",
  "experimental": false,
  "publisher": "gematik GmbH",
  "date": "2024-04-30",
  "compose": {
    "include": [
      {
        "system": "http://terminology.hl7.org/CodeSystem/v2-0203",
        "concept": [
          {
            "code": "AN",
            "display": "Account number"
          }
        ]
      }
    ]
  }
}
