{
  "resourceType": "Account",
  "id": "AbrechnungsfallAmbulant",
  "meta": {
    "profile": [
      "https://gematik.de/fhir/isik/v2/Basismodul/StructureDefinition/ISiKAbrechnungsfall"
    ]
  },
  "identifier": [
    {
      "type": {
        "coding": [
          {
            "code": "VN",
            "system": "http://terminology.hl7.org/CodeSystem/v2-0203"
          }
        ]
      },
      "system": "https://test.krankenhaus.de/fhir/sid/besuchsnummer",
      "value": "0123456789"
    }
  ],
  "status": "active",
  "type": {
    "coding": [
      {
        "code": "AMB",
        "system": "http://terminology.hl7.org/CodeSystem/v3-ActCode"
      }
    ]
  },
  "subject": [
    {
      "reference": "Patient/PatientinMusterfrau"
    }
  ],
  "coverage": [
    {
      "extension": [
        {
          "url": "http://fhir.de/StructureDefinition/ExtensionAbrechnungsart",
          "valueCoding": {
            "code": "DRG",
            "system": "http://fhir.de/CodeSystem/dkgev/Abrechnungsart",
            "display": "Diagnosebezogene Fallgruppen"
          }
        }
      ],
      "coverage": {
        "reference": "Coverage/CoverageGesetzlich"
      }
    }
  ]
}
