{
  "resourceType": "Bundle",
  "id": "ISiKBundle-Example",
  "meta": {
    "profile": [
      "https://gematik.de/fhir/isik/v2/Basismodul/StructureDefinition/ISiKBerichtBundle"
    ]
  },
  "type": "document",
  "identifier": {
    "type": {
      "coding": [
        {
          "code": "FILL",
          "system": "http://terminology.hl7.org/CodeSystem/v2-0203"
        }
      ]
    },
    "system": "https://fhir.krankenhaus.example/sid/subsystem-a/berichtbundlenummer",
    "value": "0123456789"
  },
  "timestamp": "2022-05-03T17:57:34+01:00",
  "entry": [
    {
      "resource": {
        "resourceType": "Composition",
        "id": "composition-blutdruck",
        "meta": {
          "profile": [
            "https://gematik.de/fhir/isik/v2/Basismodul/StructureDefinition/ISiKBerichtSubSysteme"
          ]
        },
        "status": "final",
        "text": {
          "status": "extensions",
          "div": "<div xmlns=\"http://www.w3.org/1999/xhtml\"><p>Familienname:Fürstin von Musterfrau</p><p>Geburtsdatum:1964-08-12</p><p>PID:TestPID</p><p>Bericht-Status:final</p><p>Bericht-Typ:Berichtzusammenfassung / Document Summary</p><p>Datum:03.05.2022</p><p>Titel:Blutdruckmessung vom 3.5.2022</p><p>Autor:Gerät XY, Fa. Z, Modell T</p></div>"
        },
        "identifier": {
          "type": {
            "coding": [
              {
                "code": "FILL",
                "system": "http://terminology.hl7.org/CodeSystem/v2-0203"
              }
            ]
          },
          "system": "https://fhir.krankenhaus.example/sid/system-a/berichtnummer",
          "value": "0123456789"
        },
        "type": {
          "coding": [
            {
              "code": "55112-7",
              "system": "http://loinc.org"
            }
          ]
        },
        "subject": {
          "reference": "urn:uuid:3bada18a-6fd2-11ed-a1eb-0242ac112345"
        },
        "encounter": {
          "reference": "urn:uuid:74b46c1a-6fc9-11ed-a1eb-0242ac198765"
        },
        "date": "2022-05-03",
        "author": [
          {
            "type": "Device",
            "display": "Gerät XY, Fa. Z, Modell T"
          }
        ],
        "title": "Blutdruckmessung vom 3.5.2022",
        "section": [
          {
            "title": "Messung",
            "text": {
              "status": "generated",
              "div": "<div xmlns=\"http://www.w3.org/1999/xhtml\"><table><tr><td><b>Systolisch</b></td><td><b>Diastolisch</b></td><td><b>Einheit</b></td><td><b>Uhrzeit</b></td></tr><tr><td>140</td><td>110</td><td>mmHG</td><td>17:15h</td></tr></table></div>"
            }
          }
        ]
      },
      "fullUrl": "urn:uuid:74b471ba-6fc9-11ed-a1eb-0242ac120002"
    },
    {
      "resource": {
        "resourceType": "Patient",
        "id": "PatientinMusterfrauMinimal",
        "identifier": [
          {
            "type": {
              "coding": [
                {
                  "code": "MR",
                  "system": "http://terminology.hl7.org/CodeSystem/v2-0203"
                }
              ]
            },
            "system": "https://fhir.krankenhaus.example/sid/PID",
            "value": "TestPID"
          }
        ],
        "name": [
          {
            "use": "official",
            "family": "Fürstin von Musterfrau",
            "given": [
              "Erika"
            ],
            "prefix": [
              "Dr."
            ]
          }
        ],
        "gender": "female",
        "birthDate": "1964-08-12"
      },
      "fullUrl": "urn:uuid:3bada18a-6fd2-11ed-a1eb-0242ac112345"
    },
    {
      "resource": {
        "resourceType": "Encounter",
        "id": "FachabteilungskontaktMinimal",
        "identifier": [
          {
            "type": {
              "coding": [
                {
                  "code": "VN",
                  "system": "http://terminology.hl7.org/CodeSystem/v2-0203"
                }
              ]
            },
            "system": "https://test.krankenhaus.de/fhir/sid/besuchsnummer",
            "value": "0123456789"
          }
        ],
        "status": "unknown",
        "class": {
          "code": "IMP",
          "system": "http://terminology.hl7.org/CodeSystem/v3-ActCode"
        },
        "type": [
          {
            "coding": [
              {
                "code": "operation",
                "system": "http://fhir.de/CodeSystem/kontaktart-de"
              }
            ]
          },
          {
            "coding": [
              {
                "code": "abteilungskontakt",
                "system": "http://fhir.de/CodeSystem/Kontaktebene"
              }
            ]
          }
        ],
        "serviceType": {
          "coding": [
            {
              "code": "0100",
              "system": "http://fhir.de/CodeSystem/dkgev/Fachabteilungsschluessel"
            }
          ]
        },
        "subject": {
          "reference": "urn:uuid:3bada18a-6fd2-11ed-a1eb-0242ac112345"
        },
        "period": {
          "start": "2022-05-03",
          "end": "2022-05-05"
        }
      },
      "fullUrl": "urn:uuid:74b46c1a-6fc9-11ed-a1eb-0242ac198765"
    }
  ]
}
