{
  "resourceType": "Condition",
  "id": "Example-condition-kreuz-stern-sekundaer",
  "meta": {
    "profile": [
      "https://gematik.de/fhir/isik/v2/Basismodul/StructureDefinition/ISiKDiagnose"
    ]
  },
  "extension": [
    {
      "url": "http://hl7.org/fhir/StructureDefinition/condition-related",
      "valueReference": {
        "reference": "Condition/Example-condition-kreuz-stern-primaer"
      }
    }
  ],
  "clinicalStatus": {
    "coding": [
      {
        "code": "active",
        "system": "http://terminology.hl7.org/CodeSystem/condition-clinical"
      }
    ]
  },
  "code": {
    "coding": [
      {
        "extension": [
          {
            "url": "http://fhir.de/StructureDefinition/icd-10-gm-mehrfachcodierungs-kennzeichen",
            "valueCoding": {
              "code": "*",
              "system": "http://fhir.de/CodeSystem/icd-10-gm-mehrfachcodierungs-kennzeichen"
            }
          }
        ],
        "version": "2019",
        "code": "H36.0",
        "system": "http://fhir.de/CodeSystem/bfarm/icd-10-gm",
        "display": "Retinopathia diabetica"
      }
    ]
  },
  "subject": {
    "reference": "Patient/PatientinMusterfrau"
  },
  "encounter": {
    "reference": "Encounter/Fachabteilungskontakt"
  },
  "recordedDate": "2021-05-24",
  "note": [
    {
      "text": "Beispiel für eine Anmerkung"
    }
  ]
}
