{
  "resourceType": "Condition",
  "id": "Example-condition-ausrufezeichen-primaer",
  "meta": {
    "profile": [
      "https://gematik.de/fhir/isik/v2/Basismodul/StructureDefinition/ISiKDiagnose"
    ]
  },
  "clinicalStatus": {
    "coding": [
      {
        "code": "active",
        "system": "http://terminology.hl7.org/CodeSystem/condition-clinical"
      }
    ]
  },
  "code": {
    "coding": [
      {
        "version": "2019",
        "code": "F16.1",
        "system": "http://fhir.de/CodeSystem/bfarm/icd-10-gm",
        "display": "Psychische Verhaltensstörung durch Halluzinogene (Akute Intoxikation)"
      }
    ]
  },
  "subject": {
    "reference": "Patient/PatientinMusterfrau"
  },
  "encounter": {
    "reference": "Encounter/Fachabteilungskontakt"
  },
  "recordedDate": "2021-05-24",
  "note": [
    {
      "text": "Beispiel für eine Anmerkung"
    }
  ]
}
