{
  "resourceType": "Coverage",
  "id": "CoverageGesetzlich",
  "meta": {
    "profile": [
      "https://gematik.de/fhir/isik/v2/Basismodul/StructureDefinition/ISiKVersicherungsverhaeltnisGesetzlich"
    ]
  },
  "identifier": [
    {
      "type": {
        "coding": [
          {
            "code": "GKV",
            "system": "http://fhir.de/CodeSystem/identifier-type-de-basis"
          }
        ]
      },
      "system": "http://fhir.de/sid/gkv/kvid-10",
      "value": "A234567890"
    }
  ],
  "type": {
    "coding": [
      {
        "code": "GKV",
        "system": "http://fhir.de/CodeSystem/versicherungsart-de-basis"
      }
    ]
  },
  "payor": [
    {
      "identifier": {
        "type": {
          "coding": [
            {
              "system": "http://terminology.hl7.org/CodeSystem/v2-0203",
              "code": "XX"
            }
          ]
        },
        "system": "http://fhir.de/sid/arge-ik/iknr",
        "value": "260326822"
      },
      "display": "Eine Gesundheitskasse"
    }
  ],
  "status": "active",
  "beneficiary": {
    "reference": "Patient/PatientinMusterfrau"
  }
}
