{
  "resourceType": "StructureDefinition",
  "id": "ISiKBinary",
  "url": "https://gematik.de/fhir/isik/v2/Basismodul/StructureDefinition/ISiKBinary",
  "version": "2.0.9",
  "name": "ISiKBinary",
  "title": "ISiKBinary",
  "status": "active",
  "experimental": false,
  "date": "2024-11-12",
  "publisher": "gematik GmbH",
  "description": "Die Binary-Ressource erlaubt den Umgang mit FHIR-fremden Formaten (z.B. PDFs, Bilder, CDA) innerhalb des FHIR-Frameworks.\r\nDazu werden die Daten base64-codiert in der Binary-Ressource (in XML oder JSON) transportiert oder \r\nüber die REST-API am Binary-Endpunkt in ihrem nativen Format bereitgestellt. \r\nBinary-Ressourcen werden von Attachment-Elementen in DocumentReference-Ressourcen verlinkt und damit in den Kontext anderer FHIR-Ressourcen\r\n(z.B. Patient und Encounter) gestellt.  ",
  "fhirVersion": "4.0.1",
  "kind": "resource",
  "abstract": false,
  "type": "Binary",
  "baseDefinition": "http://hl7.org/fhir/StructureDefinition/Binary",
  "derivation": "constraint",
  "differential": {
    "element": [
      {
        "id": "Binary.contentType",
        "path": "Binary.contentType",
        "short": "MimeType der Binärdaten",
        "comment": "z.B. &quot;application/pdf&quot; oder &quot;image/jpeg&quot; ",
        "mustSupport": true
      },
      {
        "id": "Binary.data",
        "path": "Binary.data",
        "short": "Base64-codierte Binärdaten",
        "min": 1,
        "mustSupport": true
      }
    ]
  }
}
