{
  "resourceType": "StructureDefinition",
  "id": "ISiKAbrechnungsfall",
  "url": "https://gematik.de/fhir/isik/v2/Basismodul/StructureDefinition/ISiKAbrechnungsfall",
  "version": "2.0.9",
  "name": "ISiKAbrechnungsfall",
  "status": "active",
  "experimental": false,
  "date": "2024-11-12",
  "publisher": "gematik GmbH",
  "description": "Dieses Profil beschreibt die Gruppierung von medizinischen Leistungen in ISiK-Szenarien",
  "fhirVersion": "4.0.1",
  "kind": "resource",
  "abstract": false,
  "type": "Account",
  "baseDefinition": "http://hl7.org/fhir/StructureDefinition/Account",
  "derivation": "constraint",
  "differential": {
    "element": [
      {
        "id": "Account.id",
        "path": "Account.id",
        "min": 1,
        "mustSupport": true
      },
      {
        "id": "Account.extension",
        "path": "Account.extension",
        "mustSupport": true
      },
      {
        "id": "Account.extension:AbrechnungsDiagnoseProzedur",
        "path": "Account.extension",
        "sliceName": "AbrechnungsDiagnoseProzedur",
        "min": 0,
        "max": "1",
        "type": [
          {
            "code": "Extension",
            "profile": [
              "http://fhir.de/StructureDefinition/ExtensionAbrechnungsDiagnoseProzedur"
            ]
          }
        ],
        "mustSupport": true
      },
      {
        "id": "Account.identifier",
        "path": "Account.identifier",
        "slicing": {
          "discriminator": [
            {
              "type": "pattern",
              "path": "$this"
            }
          ],
          "rules": "open"
        },
        "min": 1,
        "mustSupport": true
      },
      {
        "id": "Account.identifier:Aufnahmenummer",
        "path": "Account.identifier",
        "sliceName": "Aufnahmenummer",
        "min": 1,
        "max": "1",
        "type": [
          {
            "code": "Identifier",
            "profile": [
              "http://fhir.de/StructureDefinition/identifier-aufnahmenummer"
            ]
          }
        ],
        "patternIdentifier": {
          "type": {
            "coding": [
              {
                "code": "VN",
                "system": "http://terminology.hl7.org/CodeSystem/v2-0203"
              }
            ]
          }
        },
        "mustSupport": true
      },
      {
        "id": "Account.identifier:Aufnahmenummer.type",
        "path": "Account.identifier.type",
        "mustSupport": true
      },
      {
        "id": "Account.identifier:Aufnahmenummer.system",
        "path": "Account.identifier.system",
        "mustSupport": true
      },
      {
        "id": "Account.identifier:Aufnahmenummer.value",
        "path": "Account.identifier.value",
        "mustSupport": true
      },
      {
        "id": "Account.status",
        "path": "Account.status",
        "mustSupport": true
      },
      {
        "id": "Account.type",
        "path": "Account.type",
        "min": 1,
        "mustSupport": true,
        "binding": {
          "strength": "required",
          "valueSet": "https://gematik.de/fhir/isik/v2/Basismodul/ValueSet/ISiKAccountType"
        }
      },
      {
        "id": "Account.subject",
        "path": "Account.subject",
        "slicing": {
          "discriminator": [
            {
              "type": "type",
              "path": "resolve()"
            }
          ],
          "rules": "open"
        },
        "min": 1,
        "mustSupport": true
      },
      {
        "id": "Account.subject:PatientISiK",
        "path": "Account.subject",
        "sliceName": "PatientISiK",
        "min": 1,
        "max": "1",
        "type": [
          {
            "code": "Reference",
            "targetProfile": [
              "http://hl7.org/fhir/StructureDefinition/Patient"
            ]
          }
        ],
        "mustSupport": true
      },
      {
        "id": "Account.coverage",
        "path": "Account.coverage",
        "mustSupport": true
      },
      {
        "id": "Account.coverage.extension",
        "path": "Account.coverage.extension",
        "max": "1",
        "mustSupport": true
      },
      {
        "id": "Account.coverage.extension:Abrechnungsart",
        "path": "Account.coverage.extension",
        "sliceName": "Abrechnungsart",
        "min": 0,
        "max": "1",
        "type": [
          {
            "code": "Extension",
            "profile": [
              "http://fhir.de/StructureDefinition/ExtensionAbrechnungsart"
            ]
          }
        ],
        "mustSupport": true
      },
      {
        "id": "Account.coverage.coverage",
        "path": "Account.coverage.coverage",
        "mustSupport": true
      }
    ]
  }
}
