{
  "resourceType": "ValueSet",
  "status": "active",
  "name": "ISiKLocationPhysicalType",
  "id": "ISiKLocationPhysicalType",
  "version": "2.0.9",
  "url": "https://gematik.de/fhir/isik/v2/Basismodul/ValueSet/ISiKLocationPhysicalType",
  "experimental": false,
  "publisher": "gematik GmbH",
  "date": "2024-11-12",
  "compose": {
    "include": [
      {
        "system": "http://terminology.hl7.org/CodeSystem/location-physical-type",
        "concept": [
          {
            "code": "bd",
            "display": "Bed"
          },
          {
            "code": "ro",
            "display": "Room"
          },
          {
            "code": "wa",
            "display": "Ward"
          }
        ]
      }
    ]
  }
}
