"Id","Path","Slice Name","Alias(s)","Label","Min","Max","Must Support?","Is Modifier?","Is Summary?","Type(s)","Short","Definition","Comments","Requirements","Default Value","Meaning When Missing","Fixed Value","Pattern","Example","Minimum Value","Maximum Value","Maximum Length","Binding Strength","Binding Description","Binding Value Set","Code","Slicing Discriminator","Slicing Description","Slicing Ordered","Slicing Rules","Base Path","Base Min","Base Max","Condition(s)","Constraint(s)","Mapping: Mapping to NCPDP SCRIPT 10.6","Mapping: RIM Mapping","Mapping: FiveWs Pattern Mapping","Mapping: HL7 v2 Mapping"
"Medication","Medication","","","",0,*,"","","","null {[]} {[]}
","Definition of a Medication","This resource is primarily used for the identification and definition of a medication for the purposes of prescribing, dispensing, and administering a medication as well as for making statements about medication use.","","","","","","","","","",,,,,"",,,,"Medication",0,*,"","dom-2:If the resource is contained in another resource, it SHALL NOT contain nested Resources {contained.contained.empty()}
dom-3:If the resource is contained in another resource, it SHALL be referred to from elsewhere in the resource or SHALL refer to the containing resource {contained.where((('#'+id in (%resource.descendants().reference | %resource.descendants().as(canonical) | %resource.descendants().as(uri) | %resource.descendants().as(url))) or descendants().where(reference = '#').exists() or descendants().where(as(canonical) = '#').exists() or descendants().where(as(canonical) = '#').exists()).not()).trace('unmatched', id).empty()}dom-4:If a resource is contained in another resource, it SHALL NOT have a meta.versionId or a meta.lastUpdated {contained.meta.versionId.empty() and contained.meta.lastUpdated.empty()}dom-5:If a resource is contained in another resource, it SHALL NOT have a security label {contained.meta.security.empty()}dom-6:A resource should have narrative for robust management {text.`div`.exists()}isik-med-1:Medikamenten-Code, -Bezeichnung oder Inhaltsstoffe müssen angegeben werden. {code.exists() or ingredient.exists()}","NewRx/MedicationPrescribed-or-RxFill/MedicationDispensed-or-RxHistoryResponse/MedicationDispensed-or-RxHistoryResponse/MedicationPrescribed","Entity. Role, or Act","ManufacturedProduct[classCode=ADMM]"
"Medication.id","Medication.id","","","",0,1,"Y","","Y","id {[]} {[]}
","serverseitige, interne ID des Datensatzes","The logical id of the resource, as used in the URL for the resource. Once assigned, this value never changes.","**bedingtes Pflichtfeld/bedingtes MS:** Alle von einem Server bereitgestellten Ressourcen MÜSSEN über eine `id` verfügen.
  Von Clients erzeugte Ressourcen, die im Kontext einer CREATE-Interaktion übermittelt werden, MÜSSEN NICHT über eine `id`verfügen. ","","","","","","","","",,,,,"",,,,"Resource.id",0,1,"",""
"Medication.meta","Medication.meta","","","",0,1,"","","Y","Meta {[]} {[]}
","Metadata about the resource","The metadata about the resource. This is content that is maintained by the infrastructure. Changes to the content might not always be associated with version changes to the resource.","","","","","","","","","",,,,,"",,,,"Resource.meta",0,1,"","ele-1:All FHIR elements must have a @value or children {hasValue() or (children().count() > id.count())}
"
"Medication.meta.id","Medication.meta.id","","","",0,1,"","","","string {[]} {[]}
","Unique id for inter-element referencing","Unique id for the element within a resource (for internal references). This may be any string value that does not contain spaces.","","","","","","","","","",,,,,"",,,,"Element.id",0,1,"","","n/a"
"Medication.meta.extension","Medication.meta.extension","","extensions
user content","",0,*,"","","","Extension {[]} {[]}
","Additional content defined by implementations","May be used to represent additional information that is not part of the basic definition of the element. To make the use of extensions safe and manageable, there is a strict set of governance  applied to the definition and use of extensions. Though any implementer can define an extension, there is a set of requirements that SHALL be met as part of the definition of the extension.","There can be no stigma associated with the use of extensions by any application, project, or standard - regardless of the institution or jurisdiction that uses or defines the extensions.  The use of extensions is what allows the FHIR specification to retain a core level of simplicity for everyone.","","","","","","","","",,,,,"","value:url}
","Extensions are always sliced by (at least) url",,"open","Element.extension",0,*,"","ele-1:All FHIR elements must have a @value or children {hasValue() or (children().count() > id.count())}
ext-1:Must have either extensions or value[x], not both {extension.exists() != value.exists()}","n/a"
"Medication.meta.versionId","Medication.meta.versionId","","","",0,1,"","","Y","id {[]} {[]}
","Eindeutiger Name der serverseitigen Version des Datensatzes","The version specific identifier, as it appears in the version portion of the URL. This value changes when the resource is created, updated, or deleted.","Alle von einem Server bereitgestellten Ressourcen SOLLEN über eine `versionID` verfügen.
  Von Clients erzeugte Ressourcen, die im Kontext einer CREATE-Interaktion übermittelt werden, MÜSSEN NICHT über eine `versionID`verfügen. ","","","","","","","","",,,,,"",,,,"Meta.versionId",0,1,"","ele-1:All FHIR elements must have a @value or children {hasValue() or (children().count() > id.count())}
"
"Medication.meta.lastUpdated","Medication.meta.lastUpdated","","","",0,1,"","","Y","instant {[]} {[]}
","Zeitpunkt der letzten Änderung","When the resource last changed - e.g. when the version changed.","Alle von einem Server bereitgestellten Ressourcen SOLLEN über ein `lastUpdate` verfügen.
  Von Clients erzeugte Ressourcen, die im Kontext einer CREATE-Interaktion übermittelt werden, MÜSSEN NICHT über ein `lastUpdate`verfügen. ","","","","","","","","",,,,,"",,,,"Meta.lastUpdated",0,1,"","ele-1:All FHIR elements must have a @value or children {hasValue() or (children().count() > id.count())}
"
"Medication.meta.source","Medication.meta.source","","","",0,1,"","","Y","uri {[]} {[]}
","Identifies where the resource comes from","A uri that identifies the source system of the resource. This provides a minimal amount of [Provenance](http://hl7.org/fhir/R4/provenance.html#) information that can be used to track or differentiate the source of information in the resource. The source may identify another FHIR server, document, message, database, etc.","In the provenance resource, this corresponds to Provenance.entity.what[x]. The exact use of the source (and the implied Provenance.entity.role) is left to implementer discretion. Only one nominated source is allowed; for additional provenance details, a full Provenance resource should be used. 

This element can be used to indicate where the current master source of a resource that has a canonical URL if the resource is no longer hosted at the canonical URL.","","","","","","","","",,,,,"",,,,"Meta.source",0,1,"","ele-1:All FHIR elements must have a @value or children {hasValue() or (children().count() > id.count())}
"
"Medication.meta.profile","Medication.meta.profile","","","",0,*,"","","Y","canonical {[]} {[CanonicalType[http://hl7.org/fhir/StructureDefinition/StructureDefinition|4.0.1]]}
","Profiles this resource claims to conform to","A list of profiles (references to [StructureDefinition](http://hl7.org/fhir/R4/structuredefinition.html#) resources) that this resource claims to conform to. The URL is a reference to [StructureDefinition.url](http://hl7.org/fhir/R4/structuredefinition-definitions.html#StructureDefinition.url).","It is up to the server and/or other infrastructure of policy to determine whether/how these claims are verified and/or updated over time.  The list of profile URLs is a set.","","","","","","","","",,,,,"",,,,"Meta.profile",0,*,"","ele-1:All FHIR elements must have a @value or children {hasValue() or (children().count() > id.count())}
"
"Medication.meta.security","Medication.meta.security","","","",0,*,"","","Y","Coding {[]} {[]}
","Security Labels applied to this resource","Security labels applied to this resource. These tags connect specific resources to the overall security policy and infrastructure.","The security labels can be updated without changing the stated version of the resource. The list of security labels is a set. Uniqueness is based the system/code, and version and display are ignored.","","","","","","","","",,"extensible","Security Labels from the Healthcare Privacy and Security Classification System.","http://hl7.org/fhir/ValueSet/security-labels|4.0.1","",,,,"Meta.security",0,*,"","ele-1:All FHIR elements must have a @value or children {hasValue() or (children().count() > id.count())}
"
"Medication.meta.tag","Medication.meta.tag","","","",0,*,"","","Y","Coding {[]} {[]}
","Tags applied to this resource","Tags applied to this resource. Tags are intended to be used to identify and relate resources to process and workflow, and applications are not required to consider the tags when interpreting the meaning of a resource.","The tags can be updated without changing the stated version of the resource. The list of tags is a set. Uniqueness is based the system/code, and version and display are ignored.","","","","","","","","",,"example","Codes that represent various types of tags, commonly workflow-related; e.g. ""Needs review by Dr. Jones"".","http://hl7.org/fhir/ValueSet/common-tags|4.0.1","",,,,"Meta.tag",0,*,"","ele-1:All FHIR elements must have a @value or children {hasValue() or (children().count() > id.count())}
"
"Medication.implicitRules","Medication.implicitRules","","","",0,1,"","Y","Y","uri {[]} {[]}
","A set of rules under which this content was created","A reference to a set of rules that were followed when the resource was constructed, and which must be understood when processing the content. Often, this is a reference to an implementation guide that defines the special rules along with other profiles etc.","Asserting this rule set restricts the content to be only understood by a limited set of trading partners. This inherently limits the usefulness of the data in the long term. However, the existing health eco-system is highly fractured, and not yet ready to define, collect, and exchange data in a generally computable sense. Wherever possible, implementers and/or specification writers should avoid using this element. Often, when used, the URL is a reference to an implementation guide that defines these special rules as part of it's narrative along with other profiles, value sets, etc.","","","","","","","","",,,,,"",,,,"Resource.implicitRules",0,1,"","ele-1:All FHIR elements must have a @value or children {hasValue() or (children().count() > id.count())}
"
"Medication.language","Medication.language","","","",0,1,"","","","code {[]} {[]}
","Language of the resource content","The base language in which the resource is written.","Language is provided to support indexing and accessibility (typically, services such as text to speech use the language tag). The html language tag in the narrative applies  to the narrative. The language tag on the resource may be used to specify the language of other presentations generated from the data in the resource. Not all the content has to be in the base language. The Resource.language should not be assumed to apply to the narrative automatically. If a language is specified, it should it also be specified on the div element in the html (see rules in HTML5 for information about the relationship between xml:lang and the html lang attribute).","","","","","","","","",,"preferred","A human language.","http://hl7.org/fhir/ValueSet/languages|4.0.1","",,,,"Resource.language",0,1,"","ele-1:All FHIR elements must have a @value or children {hasValue() or (children().count() > id.count())}
"
"Medication.text","Medication.text","","narrative
htmlxhtmldisplay","",0,1,"","","","Narrative {[]} {[]}
","Text summary of the resource, for human interpretation","A human-readable narrative that contains a summary of the resource and can be used to represent the content of the resource to a human. The narrative need not encode all the structured data, but is required to contain sufficient detail to make it ""clinically safe"" for a human to just read the narrative. Resource definitions may define what content should be represented in the narrative to ensure clinical safety.","Contained resources do not have narrative. Resources that are not contained SHOULD have a narrative. In some cases, a resource may only have text with little or no additional discrete data (as long as all minOccurs=1 elements are satisfied).  This may be necessary for data from legacy systems where information is captured as a ""text blob"" or where text is additionally entered raw or narrated and encoded information is added later.","","","","","","","","",,,,,"",,,,"DomainResource.text",0,1,"","ele-1:All FHIR elements must have a @value or children {hasValue() or (children().count() > id.count())}
","Act.text?"
"Medication.contained","Medication.contained","","inline resources
anonymous resourcescontained resources","",0,*,"","","","Resource {[]} {[]}
","Contained, inline Resources","These resources do not have an independent existence apart from the resource that contains them - they cannot be identified independently, and nor can they have their own independent transaction scope.","This should never be done when the content can be identified properly, as once identification is lost, it is extremely difficult (and context dependent) to restore it again. Contained resources may have profiles and tags In their meta elements, but SHALL NOT have security labels.","","","","","","","","",,,,,"",,,,"DomainResource.contained",0,*,"","","N/A"
"Medication.extension","Medication.extension","","extensions
user content","",0,*,"","","","Extension {[]} {[]}
","Additional content defined by implementations","May be used to represent additional information that is not part of the basic definition of the resource. To make the use of extensions safe and manageable, there is a strict set of governance  applied to the definition and use of extensions. Though any implementer can define an extension, there is a set of requirements that SHALL be met as part of the definition of the extension.","There can be no stigma associated with the use of extensions by any application, project, or standard - regardless of the institution or jurisdiction that uses or defines the extensions.  The use of extensions is what allows the FHIR specification to retain a core level of simplicity for everyone.","","","","","","","","",,,,,"",,,,"DomainResource.extension",0,*,"","ele-1:All FHIR elements must have a @value or children {hasValue() or (children().count() > id.count())}
ext-1:Must have either extensions or value[x], not both {extension.exists() != value.exists()}","N/A"
"Medication.modifierExtension","Medication.modifierExtension","","extensions
user content","",0,*,"","Y","","Extension {[]} {[]}
","Extensions that cannot be ignored","May be used to represent additional information that is not part of the basic definition of the resource and that modifies the understanding of the element that contains it and/or the understanding of the containing element's descendants. Usually modifier elements provide negation or qualification. To make the use of extensions safe and manageable, there is a strict set of governance applied to the definition and use of extensions. Though any implementer is allowed to define an extension, there is a set of requirements that SHALL be met as part of the definition of the extension. Applications processing a resource are required to check for modifier extensions.

Modifier extensions SHALL NOT change the meaning of any elements on Resource or DomainResource (including cannot change the meaning of modifierExtension itself).","There can be no stigma associated with the use of extensions by any application, project, or standard - regardless of the institution or jurisdiction that uses or defines the extensions.  The use of extensions is what allows the FHIR specification to retain a core level of simplicity for everyone.","Modifier extensions allow for extensions that *cannot* be safely ignored to be clearly distinguished from the vast majority of extensions which can be safely ignored.  This promotes interoperability by eliminating the need for implementers to prohibit the presence of extensions. For further information, see the [definition of modifier extensions](http://hl7.org/fhir/R4/extensibility.html#modifierExtension).","","","","","","","",,,,,"",,,,"DomainResource.modifierExtension",0,*,"","ele-1:All FHIR elements must have a @value or children {hasValue() or (children().count() > id.count())}
ext-1:Must have either extensions or value[x], not both {extension.exists() != value.exists()}","N/A"
"Medication.identifier","Medication.identifier","","","",0,*,"","","Y","Identifier {[]} {[]}
","Business identifier for this medication","Business identifier for this medication.","The serial number could be included as an identifier.","","","","","","","","",,,,,"",,,,"Medication.identifier",0,*,"","ele-1:All FHIR elements must have a @value or children {hasValue() or (children().count() > id.count())}
",".id","FiveWs.identifier"
"Medication.code","Medication.code","","","",0,1,"Y","","Y","CodeableConcept {[]} {[]}
","Medikament in codierter Form oder ggf. als Freitext","A code (or set of codes) that specify this medication, or a textual description if no code is available. Usage note: This could be a standard medication code such as a code from RxNorm, SNOMED CT, IDMP etc. It could also be a national or local formulary code, optionally with translations to other code systems.","Begründung des Must-Support: grundlegende Information","","","","","","","","",,"example","A coded concept that defines the type of a medication.","http://hl7.org/fhir/ValueSet/medication-codes|4.0.1","",,,,"Medication.code",0,1,"","ele-1:All FHIR elements must have a @value or children {hasValue() or (children().count() > id.count())}
","coding.code = //element(*,MedicationType)/DrugCoded/ProductCodecoding.system = //element(*,MedicationType)/DrugCoded/ProductCodeQualifiercoding.display = //element(*,MedicationType)/DrugDescription",".code","FiveWs.class","RXO-1.1-Requested Give Code.code / RXE-2.1-Give Code.code / RXD-2.1-Dispense/Give Code.code / RXG-4.1-Give Code.code /RXA-5.1-Administered Code.code / RXC-2.1 Component Code"
"Medication.code.id","Medication.code.id","","","",0,1,"","","","string {[]} {[]}
","Unique id for inter-element referencing","Unique id for the element within a resource (for internal references). This may be any string value that does not contain spaces.","","","","","","","","","",,,,,"",,,,"Element.id",0,1,"","","n/a"
"Medication.code.extension","Medication.code.extension","","extensions
user content","",0,*,"","","","Extension {[]} {[]}
","Additional content defined by implementations","May be used to represent additional information that is not part of the basic definition of the element. To make the use of extensions safe and manageable, there is a strict set of governance  applied to the definition and use of extensions. Though any implementer can define an extension, there is a set of requirements that SHALL be met as part of the definition of the extension.","There can be no stigma associated with the use of extensions by any application, project, or standard - regardless of the institution or jurisdiction that uses or defines the extensions.  The use of extensions is what allows the FHIR specification to retain a core level of simplicity for everyone.","","","","","","","","",,,,,"","value:url}
","Extensions are always sliced by (at least) url",,"open","Element.extension",0,*,"","ele-1:All FHIR elements must have a @value or children {hasValue() or (children().count() > id.count())}
ext-1:Must have either extensions or value[x], not both {extension.exists() != value.exists()}","n/a"
"Medication.code.coding","Medication.code.coding","","","",0,*,"Y","","Y","Coding {[]} {[]}
","Code defined by a terminology system","A reference to a code defined by a terminology system.","Begründung des Must-Support: Medikamente MÜSSEN kodiert werden, hierfür kann eine PZN, ATC-Code oder SnomedCT Code verwendet werden","Allows for alternative encodings within a code system, and translations to other code systems.","","","","","","","",,,,,"","pattern:$this}
","",,"open","CodeableConcept.coding",0,*,"","ele-1:All FHIR elements must have a @value or children {hasValue() or (children().count() > id.count())}
","union(., ./translation)","C*E.1-8, C*E.10-22"
"Medication.code.coding:PZN","Medication.code.coding","PZN","","",0,*,"Y","","Y","Coding {[CanonicalType[https://gematik.de/fhir/isik/StructureDefinition/ISiKPZNCoding]]} {[]}
","Code defined by a terminology system","A reference to a code defined by a terminology system.","Merfachcodierung ist zulässig, da für ein abstraktes Medikament auch mehrere PZN-Codes existieren können, bspw. existieren für Aspirin 3 verschiedene Packungsgrößen.","Allows for alternative encodings within a code system, and translations to other code systems.","","","","<valueCoding xmlns=""http://hl7.org/fhir"">
  <system value=""http://fhir.de/CodeSystem/ifa/pzn""/>
</valueCoding>","","","",,,,,"",,,,"CodeableConcept.coding",0,*,"","ele-1:All FHIR elements must have a @value or children {hasValue() or (children().count() > id.count())}
","union(., ./translation)","C*E.1-8, C*E.10-22"
"Medication.code.coding:ATC-DE","Medication.code.coding","ATC-DE","","",0,*,"Y","","Y","Coding {[CanonicalType[https://gematik.de/fhir/isik/StructureDefinition/ISiKATCCoding]]} {[]}
","Code defined by a terminology system","A reference to a code defined by a terminology system.","Merfachcodierung ist zulässig, da für ein abstraktes Medikament auch mehrere ATC-Codes existieren können, bspw. existieren für Aspirin 4 verschiedene Codes, je nachdem wofür das Medikament angewendet wird.","Allows for alternative encodings within a code system, and translations to other code systems.","","","","<valueCoding xmlns=""http://hl7.org/fhir"">
  <system value=""http://fhir.de/CodeSystem/bfarm/atc""/>
</valueCoding>","","","",,,,,"",,,,"CodeableConcept.coding",0,*,"","ele-1:All FHIR elements must have a @value or children {hasValue() or (children().count() > id.count())}
","union(., ./translation)","C*E.1-8, C*E.10-22"
"Medication.code.coding:SCT","Medication.code.coding","SCT","","",0,1,"Y","","Y","Coding {[CanonicalType[https://gematik.de/fhir/isik/StructureDefinition/ISiKSnomedCTCoding]]} {[]}
","Code defined by a terminology system","A reference to a code defined by a terminology system.","Codes may be defined very casually in enumerations, or code lists, up to very formal definitions such as SNOMED CT - see the HL7 v3 Core Principles for more information.  Ordering of codings is undefined and SHALL NOT be used to infer meaning. Generally, at most only one of the coding values will be labeled as UserSelected = true.","Allows for alternative encodings within a code system, and translations to other code systems.","","","","<valueCoding xmlns=""http://hl7.org/fhir"">
  <system value=""http://snomed.info/sct""/>
</valueCoding>","","","",,"extensible","","https://gematik.de/fhir/terminology/ValueSet/ti-medication-snomed-ct-vs","",,,,"CodeableConcept.coding",0,*,"","ele-1:All FHIR elements must have a @value or children {hasValue() or (children().count() > id.count())}
","union(., ./translation)","C*E.1-8, C*E.10-22"
"Medication.code.text","Medication.code.text","","","",0,1,"Y","","Y","string {[]} {[]}
","Plain text representation of the concept","A human language representation of the concept as seen/selected/uttered by the user who entered the data and/or which represents the intended meaning of the user.","Begründung des Must-Support: Falls eine Kodierung nicht möglich ist kann das Medikament alternativ per Freitext erfasst werden","The codes from the terminologies do not always capture the correct meaning with all the nuances of the human using them, or sometimes there is no appropriate code at all. In these cases, the text is used to capture the full meaning of the source.","","","","","","","",,,,,"",,,,"CodeableConcept.text",0,1,"","ele-1:All FHIR elements must have a @value or children {hasValue() or (children().count() > id.count())}
","./originalText[mediaType/code=""text/plain""]/data","C*E.9. But note many systems use C*E.2 for this"
"Medication.status","Medication.status","","","",1,1,"Y","Y","Y","code {[]} {[]}
","Status der Medikamenteninformation","A code to indicate if the medication is in active use.","Begründung des Must-Support: Erforderliche Angabe im FHIR-Standard","","","","","","","","",,"required","A coded concept defining if the medication is in active use.","http://hl7.org/fhir/ValueSet/medication-status|4.0.1","",,,,"Medication.status",0,1,"","ele-1:All FHIR elements must have a @value or children {hasValue() or (children().count() > id.count())}
",".statusCode"
"Medication.manufacturer","Medication.manufacturer","","","",0,1,"Y","","Y","Reference {[]} {[CanonicalType[http://hl7.org/fhir/StructureDefinition/Organization|4.0.1]]}
","Hersteller des Medikaments","Describes the details of the manufacturer of the medication product.  This is not intended to represent the distributor of a medication product.","Begründung des Must-Support: Alignment mit KBV-Profilen

  Hinweis: Hier kann der tatsächliche Hersteller des Medikaments benannt werden, vornehmlich im Fall von Wirkstoffmischungen (Rezepturen), beispielsweise die Krankenhausapotheke. Zu beachten ist, dass die zulassende Organisation, wie sie z.B. in den Daten zur PZN benannt ist, nicht als Hersteller gilt.","","","","","","","","",,,,,"",,,,"Medication.manufacturer",0,1,"","ele-1:All FHIR elements must have a @value or children {hasValue() or (children().count() > id.count())}
","no mapping",".player.scopingRole[typeCode=MANU].scoper","FiveWs.actor","RXD-20-Substance Manufacturer Name / RXG-21-Substance Manufacturer Name / RXA-17-Substance Manufacturer Name"
"Medication.manufacturer.id","Medication.manufacturer.id","","","",0,1,"","","","string {[]} {[]}
","Unique id for inter-element referencing","Unique id for the element within a resource (for internal references). This may be any string value that does not contain spaces.","","","","","","","","","",,,,,"",,,,"Element.id",0,1,"","","n/a"
"Medication.manufacturer.extension","Medication.manufacturer.extension","","extensions
user content","",0,*,"","","","Extension {[]} {[]}
","Additional content defined by implementations","May be used to represent additional information that is not part of the basic definition of the element. To make the use of extensions safe and manageable, there is a strict set of governance  applied to the definition and use of extensions. Though any implementer can define an extension, there is a set of requirements that SHALL be met as part of the definition of the extension.","There can be no stigma associated with the use of extensions by any application, project, or standard - regardless of the institution or jurisdiction that uses or defines the extensions.  The use of extensions is what allows the FHIR specification to retain a core level of simplicity for everyone.","","","","","","","","",,,,,"","value:url}
","Extensions are always sliced by (at least) url",,"open","Element.extension",0,*,"","ele-1:All FHIR elements must have a @value or children {hasValue() or (children().count() > id.count())}
ext-1:Must have either extensions or value[x], not both {extension.exists() != value.exists()}","n/a"
"Medication.manufacturer.reference","Medication.manufacturer.reference","","","",0,1,"","","Y","string {[]} {[]}
","Literal reference, Relative, internal or absolute URL","A reference to a location at which the other resource is found. The reference may be a relative reference, in which case it is relative to the service base URL, or an absolute URL that resolves to the location where the resource is found. The reference may be version specific or not. If the reference is not to a FHIR RESTful server, then it should be assumed to be version specific. Internal fragment references (start with '#') refer to contained resources.","Using absolute URLs provides a stable scalable approach suitable for a cloud/web context, while using relative/logical references provides a flexible approach suitable for use when trading across closed eco-system boundaries.   Absolute URLs do not need to point to a FHIR RESTful server, though this is the preferred approach. If the URL conforms to the structure ""/[type]/[id]"" then it should be assumed that the reference is to a FHIR RESTful server.","","","","","","","","",,,,,"",,,,"Reference.reference",0,1,"ref-1
","ele-1:All FHIR elements must have a @value or children {hasValue() or (children().count() > id.count())}
","N/A"
"Medication.manufacturer.type","Medication.manufacturer.type","","","",0,1,"","","Y","uri {[]} {[]}
","Type the reference refers to (e.g. ""Patient"")","The expected type of the target of the reference. If both Reference.type and Reference.reference are populated and Reference.reference is a FHIR URL, both SHALL be consistent.

The type is the Canonical URL of Resource Definition that is the type this reference refers to. References are URLs that are relative to http://hl7.org/fhir/StructureDefinition/ e.g. ""Patient"" is a reference to http://hl7.org/fhir/StructureDefinition/Patient. Absolute URLs are only allowed for logical models (and can only be used in references in logical models, not resources).","This element is used to indicate the type of  the target of the reference. This may be used which ever of the other elements are populated (or not). In some cases, the type of the target may be determined by inspection of the reference (e.g. a RESTful URL) or by resolving the target of the reference; if both the type and a reference is provided, the reference SHALL resolve to a resource of the same type as that specified.","","","","","","","","",,"extensible","Aa resource (or, for logical models, the URI of the logical model).","http://hl7.org/fhir/ValueSet/resource-types|4.0.1","",,,,"Reference.type",0,1,"","ele-1:All FHIR elements must have a @value or children {hasValue() or (children().count() > id.count())}
","N/A"
"Medication.manufacturer.identifier","Medication.manufacturer.identifier","","","",0,1,"","","Y","Identifier {[]} {[]}
","Logical reference, when literal reference is not known","An identifier for the target resource. This is used when there is no way to reference the other resource directly, either because the entity it represents is not available through a FHIR server, or because there is no way for the author of the resource to convert a known identifier to an actual location. There is no requirement that a Reference.identifier point to something that is actually exposed as a FHIR instance, but it SHALL point to a business concept that would be expected to be exposed as a FHIR instance, and that instance would need to be of a FHIR resource type allowed by the reference.","When an identifier is provided in place of a reference, any system processing the reference will only be able to resolve the identifier to a reference if it understands the business context in which the identifier is used. Sometimes this is global (e.g. a national identifier) but often it is not. For this reason, none of the useful mechanisms described for working with references (e.g. chaining, includes) are possible, nor should servers be expected to be able resolve the reference. Servers may accept an identifier based reference untouched, resolve it, and/or reject it - see CapabilityStatement.rest.resource.referencePolicy. 

When both an identifier and a literal reference are provided, the literal reference is preferred. Applications processing the resource are allowed - but not required - to check that the identifier matches the literal reference

Applications converting a logical reference to a literal reference may choose to leave the logical reference present, or remove it.

Reference is intended to point to a structure that can potentially be expressed as a FHIR resource, though there is no need for it to exist as an actual FHIR resource instance - except in as much as an application wishes to actual find the target of the reference. The content referred to be the identifier must meet the logical constraints implied by any limitations on what resource types are permitted for the reference.  For example, it would not be legitimate to send the identifier for a drug prescription if the type were Reference(Observation|DiagnosticReport).  One of the use-cases for Reference.identifier is the situation where no FHIR representation exists (where the type is Reference (Any).","","","","","","","","",,,,,"",,,,"Reference.identifier",0,1,"","ele-1:All FHIR elements must have a @value or children {hasValue() or (children().count() > id.count())}
",".identifier"
"Medication.manufacturer.display","Medication.manufacturer.display","","","",1,1,"Y","","Y","string {[]} {[]}
","Text alternative for the resource","Plain text narrative that identifies the resource in addition to the resource reference.","This is generally not the same as the Resource.text of the referenced resource.  The purpose is to identify what's being referenced, not to fully describe it.","","","","","","","","",,,,,"",,,,"Reference.display",0,1,"","ele-1:All FHIR elements must have a @value or children {hasValue() or (children().count() > id.count())}
","N/A"
"Medication.form","Medication.form","","","",0,1,"Y","","","CodeableConcept {[]} {[]}
","Abgabeform","Describes the form of the item.  Powder; tablets; capsule.","Begründung des Must-Support: Basis-Information eines Medikaments","","","","","","","","",,"example","A coded concept defining the form of a medication.","http://hl7.org/fhir/ValueSet/medication-form-codes|4.0.1","",,,,"Medication.form",0,1,"","ele-1:All FHIR elements must have a @value or children {hasValue() or (children().count() > id.count())}
","coding.code =  //element(*,DrugCodedType)/FormCodecoding.system = //element(*,DrugCodedType)/FormSourceCode",".formCode","RXO-5-Requested Dosage Form / RXE-6-Give Dosage Form / RXD-6-Actual Dosage Form / RXG-8-Give Dosage Form / RXA-8-Administered Dosage Form"
"Medication.form.id","Medication.form.id","","","",0,1,"","","","string {[]} {[]}
","Unique id for inter-element referencing","Unique id for the element within a resource (for internal references). This may be any string value that does not contain spaces.","","","","","","","","","",,,,,"",,,,"Element.id",0,1,"","","n/a"
"Medication.form.extension","Medication.form.extension","","extensions
user content","",0,*,"","","","Extension {[]} {[]}
","Additional content defined by implementations","May be used to represent additional information that is not part of the basic definition of the element. To make the use of extensions safe and manageable, there is a strict set of governance  applied to the definition and use of extensions. Though any implementer can define an extension, there is a set of requirements that SHALL be met as part of the definition of the extension.","There can be no stigma associated with the use of extensions by any application, project, or standard - regardless of the institution or jurisdiction that uses or defines the extensions.  The use of extensions is what allows the FHIR specification to retain a core level of simplicity for everyone.","","","","","","","","",,,,,"","value:url}
","Extensions are always sliced by (at least) url",,"open","Element.extension",0,*,"","ele-1:All FHIR elements must have a @value or children {hasValue() or (children().count() > id.count())}
ext-1:Must have either extensions or value[x], not both {extension.exists() != value.exists()}","n/a"
"Medication.form.coding","Medication.form.coding","","","",0,*,"Y","","Y","Coding {[]} {[]}
","Code defined by a terminology system","A reference to a code defined by a terminology system.","Begründung des Must-Support: EDQM definiert eine einheitliche DoseForm auf europäischer Ebene","Allows for alternative encodings within a code system, and translations to other code systems.","","","","","","","",,,,,"","pattern:$this}
","",,"open","CodeableConcept.coding",0,*,"","ele-1:All FHIR elements must have a @value or children {hasValue() or (children().count() > id.count())}
","union(., ./translation)","C*E.1-8, C*E.10-22"
"Medication.form.coding:EDQM","Medication.form.coding","EDQM","","",0,1,"Y","","Y","Coding {[CanonicalType[https://gematik.de/fhir/isik/StructureDefinition/ISiKCoding]]} {[]}
","Code defined by a terminology system","A reference to a code defined by a terminology system.","Codes may be defined very casually in enumerations, or code lists, up to very formal definitions such as SNOMED CT - see the HL7 v3 Core Principles for more information.  Ordering of codings is undefined and SHALL NOT be used to infer meaning. Generally, at most only one of the coding values will be labeled as UserSelected = true.","Allows for alternative encodings within a code system, and translations to other code systems.","","","","","","","",,"required","","http://hl7.org/fhir/uv/ips/ValueSet/medicine-doseform","",,,,"CodeableConcept.coding",0,*,"","ele-1:All FHIR elements must have a @value or children {hasValue() or (children().count() > id.count())}
","union(., ./translation)","C*E.1-8, C*E.10-22"
"Medication.form.text","Medication.form.text","","","",0,1,"","","Y","string {[]} {[]}
","Plain text representation of the concept","A human language representation of the concept as seen/selected/uttered by the user who entered the data and/or which represents the intended meaning of the user.","Very often the text is the same as a displayName of one of the codings.","The codes from the terminologies do not always capture the correct meaning with all the nuances of the human using them, or sometimes there is no appropriate code at all. In these cases, the text is used to capture the full meaning of the source.","","","","","","","",,,,,"",,,,"CodeableConcept.text",0,1,"","ele-1:All FHIR elements must have a @value or children {hasValue() or (children().count() > id.count())}
","./originalText[mediaType/code=""text/plain""]/data","C*E.9. But note many systems use C*E.2 for this"
"Medication.amount","Medication.amount","","","",0,1,"Y","","Y","Ratio {[]} {[]}
","Menge","Specific amount of the drug in the packaged product.  For example, when specifying a product that has the same strength (For example, Insulin glargine 100 unit per mL solution for injection), this attribute provides additional clarification of the package amount (For example, 3 mL, 10mL, etc.).","Begründung des Must-Support: Bei einer Medikation MUSS die Menge dokumentierbar sein","","","","","","","","",,,,,"",,,,"Medication.amount",0,1,"","ele-1:All FHIR elements must have a @value or children {hasValue() or (children().count() > id.count())}
",".quantity"
"Medication.amount.id","Medication.amount.id","","","",0,1,"","","","string {[]} {[]}
","Unique id for inter-element referencing","Unique id for the element within a resource (for internal references). This may be any string value that does not contain spaces.","","","","","","","","","",,,,,"",,,,"Element.id",0,1,"","","n/a"
"Medication.amount.extension","Medication.amount.extension","","extensions
user content","",0,*,"","","","Extension {[]} {[]}
","Additional content defined by implementations","May be used to represent additional information that is not part of the basic definition of the element. To make the use of extensions safe and manageable, there is a strict set of governance  applied to the definition and use of extensions. Though any implementer can define an extension, there is a set of requirements that SHALL be met as part of the definition of the extension.","There can be no stigma associated with the use of extensions by any application, project, or standard - regardless of the institution or jurisdiction that uses or defines the extensions.  The use of extensions is what allows the FHIR specification to retain a core level of simplicity for everyone.","","","","","","","","",,,,,"","value:url}
","Extensions are always sliced by (at least) url",,"open","Element.extension",0,*,"","ele-1:All FHIR elements must have a @value or children {hasValue() or (children().count() > id.count())}
ext-1:Must have either extensions or value[x], not both {extension.exists() != value.exists()}","n/a"
"Medication.amount.numerator","Medication.amount.numerator","","","",1,1,"Y","","Y","Quantity {[CanonicalType[https://gematik.de/fhir/isik/StructureDefinition/MedicationQuantity]]} {[]}
","Numerator value","The value of the numerator.","Begründung des Must-Support: Bei einer Medikation MUSS die Menge dokumentierbar sein","","","","","","","","",,,,,"",,,,"Ratio.numerator",0,1,"","ele-1:All FHIR elements must have a @value or children {hasValue() or (children().count() > id.count())}
",".numerator"
"Medication.amount.denominator","Medication.amount.denominator","","","",1,1,"Y","","Y","Quantity {[CanonicalType[https://gematik.de/fhir/isik/StructureDefinition/MedicationQuantity]]} {[]}
","Denominator value","The value of the denominator.","Begründung des Must-Support: Bei einer Medikation MUSS die Menge dokumentierbar sein","","","","","","","","",,,,,"",,,,"Ratio.denominator",0,1,"","ele-1:All FHIR elements must have a @value or children {hasValue() or (children().count() > id.count())}
",".denominator"
"Medication.ingredient","Medication.ingredient","","","",0,*,"Y","","","BackboneElement {[]} {[]}
","Informationen zu Bestandteilen (Rezeptur)","Identifies a particular constituent of interest in the product.","Begründung des Must-Support: Wirkstoff-Rezepturen müssen dokumentierbar sein","","","","","","","","",,,,,"",,,,"Medication.ingredient",0,*,"","ele-1:All FHIR elements must have a @value or children {hasValue() or (children().count() > id.count())}
",".scopesRole[typeCode=INGR]"
"Medication.ingredient.id","Medication.ingredient.id","","","",0,1,"","","","string {[]} {[]}
","Unique id for inter-element referencing","Unique id for the element within a resource (for internal references). This may be any string value that does not contain spaces.","","","","","","","","","",,,,,"",,,,"Element.id",0,1,"","","n/a"
"Medication.ingredient.extension","Medication.ingredient.extension","","","",0,*,"Y","","","Extension {[]} {[]}
","Wirkstofftyp","An Extension","Begründung des Must-Support: Alignment mit den MII-Profilen

    Hinweis: Hiermit kann geklärt werden, ob es sich um eine Angabe zum Wirkstoff oder zum exakten Inhaltsstoff (z.B. Salze) handelt.","","","","","","","","",,,,,"","value:url}
","",,"open","Element.extension",0,*,"","ele-1:All FHIR elements must have a @value or children {hasValue() or (children().count() > id.count())}
ext-1:Must have either extensions or value[x], not both {extension.exists() != value.exists()}"
"Medication.ingredient.extension:wirkstofftyp","Medication.ingredient.extension","wirkstofftyp","","",0,1,"Y","","","Extension {[CanonicalType[http://fhir.de/StructureDefinition/WirkstofftypEX]]} {[]}
","Optional Extensions Element","Optional Extension Element - found in all resources.","","","","","","","","","",,,,,"",,,,"Element.extension",0,*,"ele-1
","ele-1:All FHIR elements must have a @value or children {hasValue() or (children().count() > id.count())}
ext-1:Must have either extensions or value[x], not both {extension.exists() != value.exists()}","n/a","N/A"
"Medication.ingredient.modifierExtension","Medication.ingredient.modifierExtension","","extensions
user contentmodifiers","",0,*,"","Y","Y","Extension {[]} {[]}
","Extensions that cannot be ignored even if unrecognized","May be used to represent additional information that is not part of the basic definition of the element and that modifies the understanding of the element in which it is contained and/or the understanding of the containing element's descendants. Usually modifier elements provide negation or qualification. To make the use of extensions safe and manageable, there is a strict set of governance applied to the definition and use of extensions. Though any implementer can define an extension, there is a set of requirements that SHALL be met as part of the definition of the extension. Applications processing a resource are required to check for modifier extensions.

Modifier extensions SHALL NOT change the meaning of any elements on Resource or DomainResource (including cannot change the meaning of modifierExtension itself).","There can be no stigma associated with the use of extensions by any application, project, or standard - regardless of the institution or jurisdiction that uses or defines the extensions.  The use of extensions is what allows the FHIR specification to retain a core level of simplicity for everyone.","Modifier extensions allow for extensions that *cannot* be safely ignored to be clearly distinguished from the vast majority of extensions which can be safely ignored.  This promotes interoperability by eliminating the need for implementers to prohibit the presence of extensions. For further information, see the [definition of modifier extensions](http://hl7.org/fhir/R4/extensibility.html#modifierExtension).","","","","","","","",,,,,"",,,,"BackboneElement.modifierExtension",0,*,"","ele-1:All FHIR elements must have a @value or children {hasValue() or (children().count() > id.count())}
ext-1:Must have either extensions or value[x], not both {extension.exists() != value.exists()}","N/A"
"Medication.ingredient.item[x]","Medication.ingredient.item[x]","","","",1,1,"","","","CodeableConcept {[]} {[]}
Reference {[]} {[CanonicalType[http://hl7.org/fhir/StructureDefinition/Substance|4.0.1], CanonicalType[http://hl7.org/fhir/StructureDefinition/Medication|4.0.1]]}","The actual ingredient or content","The actual ingredient - either a substance (simple ingredient) or another medication of a medication.","","The ingredient may reference a substance (for example, amoxicillin) or another medication (for example in the case of a compounded product, Glaxal Base).","","","","","","","",,,,,"","type:$this}
","",,"closed","Medication.ingredient.item[x]",1,1,"","ele-1:All FHIR elements must have a @value or children {hasValue() or (children().count() > id.count())}
","coding.code = //element(*,MedicationType)/DrugCoded/ProductCodecoding.system = //element(*,MedicationType)/DrugCoded/ProductCodeQualifiercoding.display = //element(*,MedicationType)/DrugDescription",".player","RXC-2-Component Code  if medication: RXO-1-Requested Give Code / RXE-2-Give Code / RXD-2-Dispense/Give Code / RXG-4-Give Code / RXA-5-Administered Code"
"Medication.ingredient.item[x]:itemCodeableConcept","Medication.ingredient.item[x]","itemCodeableConcept","","",0,1,"Y","","","CodeableConcept {[]} {[]}
","Bestandteil in codierter Form oder ggf. als Freitext","The actual ingredient - either a substance (simple ingredient) or another medication of a medication.","Begründung des Must-Support: Der Bestandteil muss eindeutig benannt sein","The ingredient may reference a substance (for example, amoxicillin) or another medication (for example in the case of a compounded product, Glaxal Base).","","","","","","","",,,,,"",,,,"Medication.ingredient.item[x]",1,1,"","ele-1:All FHIR elements must have a @value or children {hasValue() or (children().count() > id.count())}
","coding.code = //element(*,MedicationType)/DrugCoded/ProductCodecoding.system = //element(*,MedicationType)/DrugCoded/ProductCodeQualifiercoding.display = //element(*,MedicationType)/DrugDescription",".player","RXC-2-Component Code  if medication: RXO-1-Requested Give Code / RXE-2-Give Code / RXD-2-Dispense/Give Code / RXG-4-Give Code / RXA-5-Administered Code"
"Medication.ingredient.item[x]:itemCodeableConcept.id","Medication.ingredient.item[x].id","","","",0,1,"","","","string {[]} {[]}
","Unique id for inter-element referencing","Unique id for the element within a resource (for internal references). This may be any string value that does not contain spaces.","","","","","","","","","",,,,,"",,,,"Element.id",0,1,"","","n/a"
"Medication.ingredient.item[x]:itemCodeableConcept.extension","Medication.ingredient.item[x].extension","","extensions
user content","",0,*,"","","","Extension {[]} {[]}
","Additional content defined by implementations","May be used to represent additional information that is not part of the basic definition of the element. To make the use of extensions safe and manageable, there is a strict set of governance  applied to the definition and use of extensions. Though any implementer can define an extension, there is a set of requirements that SHALL be met as part of the definition of the extension.","There can be no stigma associated with the use of extensions by any application, project, or standard - regardless of the institution or jurisdiction that uses or defines the extensions.  The use of extensions is what allows the FHIR specification to retain a core level of simplicity for everyone.","","","","","","","","",,,,,"","value:url}
","Extensions are always sliced by (at least) url",,"open","Element.extension",0,*,"","ele-1:All FHIR elements must have a @value or children {hasValue() or (children().count() > id.count())}
ext-1:Must have either extensions or value[x], not both {extension.exists() != value.exists()}","n/a"
"Medication.ingredient.item[x]:itemCodeableConcept.coding","Medication.ingredient.item[x].coding","","","",0,*,"Y","","Y","Coding {[]} {[]}
","Code defined by a terminology system","A reference to a code defined by a terminology system.","Codes may be defined very casually in enumerations, or code lists, up to very formal definitions such as SNOMED CT - see the HL7 v3 Core Principles for more information.  Ordering of codings is undefined and SHALL NOT be used to infer meaning. Generally, at most only one of the coding values will be labeled as UserSelected = true.","Allows for alternative encodings within a code system, and translations to other code systems.","","","","","","","",,,,,"","pattern:$this}
","",,"open","CodeableConcept.coding",0,*,"","ele-1:All FHIR elements must have a @value or children {hasValue() or (children().count() > id.count())}
","union(., ./translation)","C*E.1-8, C*E.10-22"
"Medication.ingredient.item[x]:itemCodeableConcept.coding:ASK","Medication.ingredient.item[x].coding","ASK","","",0,1,"Y","","Y","Coding {[CanonicalType[https://gematik.de/fhir/isik/StructureDefinition/ISiKASKCoding]]} {[]}
","Code defined by a terminology system","A reference to a code defined by a terminology system.","Codes may be defined very casually in enumerations, or code lists, up to very formal definitions such as SNOMED CT - see the HL7 v3 Core Principles for more information.  Ordering of codings is undefined and SHALL NOT be used to infer meaning. Generally, at most only one of the coding values will be labeled as UserSelected = true.","Allows for alternative encodings within a code system, and translations to other code systems.","","","","<valueCoding xmlns=""http://hl7.org/fhir"">
  <system value=""http://fhir.de/CodeSystem/ask""/>
</valueCoding>","","","",,,,,"",,,,"CodeableConcept.coding",0,*,"","ele-1:All FHIR elements must have a @value or children {hasValue() or (children().count() > id.count())}
","union(., ./translation)","C*E.1-8, C*E.10-22"
"Medication.ingredient.item[x]:itemCodeableConcept.coding:ATC-DE","Medication.ingredient.item[x].coding","ATC-DE","","",0,1,"Y","","Y","Coding {[CanonicalType[https://gematik.de/fhir/isik/StructureDefinition/ISiKATCCoding]]} {[]}
","Code defined by a terminology system","A reference to a code defined by a terminology system.","Mehrfachcodierung ist zulässig, da für ein abstraktes Medikament auch mehrere ATC-Codes existieren können, z. B. existieren für Aspirin 4 verschiedene Codes, je nachdem wofür das Medikament angewendet wird.","Allows for alternative encodings within a code system, and translations to other code systems.","","","","<valueCoding xmlns=""http://hl7.org/fhir"">
  <system value=""http://fhir.de/CodeSystem/bfarm/atc""/>
</valueCoding>","","","",,,,,"",,,,"CodeableConcept.coding",0,*,"","ele-1:All FHIR elements must have a @value or children {hasValue() or (children().count() > id.count())}
","union(., ./translation)","C*E.1-8, C*E.10-22"
"Medication.ingredient.item[x]:itemCodeableConcept.coding:PZN","Medication.ingredient.item[x].coding","PZN","","",0,1,"Y","","Y","Coding {[CanonicalType[https://gematik.de/fhir/isik/StructureDefinition/ISiKPZNCoding]]} {[]}
","Code defined by a terminology system","A reference to a code defined by a terminology system.","Mehrfachcodierung ist zulässig, da für ein abstraktes Medikament auch mehrere PZN-Codes existieren können, z. B. existieren für Aspirin 3 verschiedene Packungsgrößen.","Allows for alternative encodings within a code system, and translations to other code systems.","","","","<valueCoding xmlns=""http://hl7.org/fhir"">
  <system value=""http://fhir.de/CodeSystem/ifa/pzn""/>
</valueCoding>","","","",,,,,"",,,,"CodeableConcept.coding",0,*,"","ele-1:All FHIR elements must have a @value or children {hasValue() or (children().count() > id.count())}
","union(., ./translation)","C*E.1-8, C*E.10-22"
"Medication.ingredient.item[x]:itemCodeableConcept.coding:SCT","Medication.ingredient.item[x].coding","SCT","","",0,1,"Y","","Y","Coding {[CanonicalType[https://gematik.de/fhir/isik/StructureDefinition/ISiKSnomedCTCoding]]} {[]}
","Code defined by a terminology system","A reference to a code defined by a terminology system.","Codes may be defined very casually in enumerations, or code lists, up to very formal definitions such as SNOMED CT - see the HL7 v3 Core Principles for more information.  Ordering of codings is undefined and SHALL NOT be used to infer meaning. Generally, at most only one of the coding values will be labeled as UserSelected = true.","Allows for alternative encodings within a code system, and translations to other code systems.","","","","<valueCoding xmlns=""http://hl7.org/fhir"">
  <system value=""http://snomed.info/sct""/>
</valueCoding>","","","",,,,,"",,,,"CodeableConcept.coding",0,*,"","ele-1:All FHIR elements must have a @value or children {hasValue() or (children().count() > id.count())}
","union(., ./translation)","C*E.1-8, C*E.10-22"
"Medication.ingredient.item[x]:itemCodeableConcept.text","Medication.ingredient.item[x].text","","","",0,1,"Y","","Y","string {[]} {[]}
","Plain text representation of the concept","A human language representation of the concept as seen/selected/uttered by the user who entered the data and/or which represents the intended meaning of the user.","Very often the text is the same as a displayName of one of the codings.","The codes from the terminologies do not always capture the correct meaning with all the nuances of the human using them, or sometimes there is no appropriate code at all. In these cases, the text is used to capture the full meaning of the source.","","","","","","","",,,,,"",,,,"CodeableConcept.text",0,1,"","ele-1:All FHIR elements must have a @value or children {hasValue() or (children().count() > id.count())}
","./originalText[mediaType/code=""text/plain""]/data","C*E.9. But note many systems use C*E.2 for this"
"Medication.ingredient.item[x]:itemReference","Medication.ingredient.item[x]","itemReference","","",0,1,"Y","","","Reference {[]} {[CanonicalType[http://hl7.org/fhir/StructureDefinition/Substance], CanonicalType[http://hl7.org/fhir/StructureDefinition/Medication]]}
","Bestandteil (Referenz auf ein anderes Medikament)","The actual ingredient - either a substance (simple ingredient) or another medication of a medication.","Begründung des Must-Support: Der Bestandteil muss eindeutig benannt sein","The ingredient may reference a substance (for example, amoxicillin) or another medication (for example in the case of a compounded product, Glaxal Base).","","","","","","","",,,,,"",,,,"Medication.ingredient.item[x]",1,1,"","ele-1:All FHIR elements must have a @value or children {hasValue() or (children().count() > id.count())}
","coding.code = //element(*,MedicationType)/DrugCoded/ProductCodecoding.system = //element(*,MedicationType)/DrugCoded/ProductCodeQualifiercoding.display = //element(*,MedicationType)/DrugDescription",".player","RXC-2-Component Code  if medication: RXO-1-Requested Give Code / RXE-2-Give Code / RXD-2-Dispense/Give Code / RXG-4-Give Code / RXA-5-Administered Code"
"Medication.ingredient.item[x]:itemReference.id","Medication.ingredient.item[x].id","","","",0,1,"","","","string {[]} {[]}
","Unique id for inter-element referencing","Unique id for the element within a resource (for internal references). This may be any string value that does not contain spaces.","","","","","","","","","",,,,,"",,,,"Element.id",0,1,"","","n/a"
"Medication.ingredient.item[x]:itemReference.extension","Medication.ingredient.item[x].extension","","extensions
user content","",0,*,"","","","Extension {[]} {[]}
","Additional content defined by implementations","May be used to represent additional information that is not part of the basic definition of the element. To make the use of extensions safe and manageable, there is a strict set of governance  applied to the definition and use of extensions. Though any implementer can define an extension, there is a set of requirements that SHALL be met as part of the definition of the extension.","There can be no stigma associated with the use of extensions by any application, project, or standard - regardless of the institution or jurisdiction that uses or defines the extensions.  The use of extensions is what allows the FHIR specification to retain a core level of simplicity for everyone.","","","","","","","","",,,,,"","value:url}
","Extensions are always sliced by (at least) url",,"open","Element.extension",0,*,"","ele-1:All FHIR elements must have a @value or children {hasValue() or (children().count() > id.count())}
ext-1:Must have either extensions or value[x], not both {extension.exists() != value.exists()}","n/a"
"Medication.ingredient.item[x]:itemReference.reference","Medication.ingredient.item[x].reference","","","",1,1,"Y","","Y","string {[]} {[]}
","Literal reference, Relative, internal or absolute URL","A reference to a location at which the other resource is found. The reference may be a relative reference, in which case it is relative to the service base URL, or an absolute URL that resolves to the location where the resource is found. The reference may be version specific or not. If the reference is not to a FHIR RESTful server, then it should be assumed to be version specific. Internal fragment references (start with '#') refer to contained resources.","Using absolute URLs provides a stable scalable approach suitable for a cloud/web context, while using relative/logical references provides a flexible approach suitable for use when trading across closed eco-system boundaries.   Absolute URLs do not need to point to a FHIR RESTful server, though this is the preferred approach. If the URL conforms to the structure ""/[type]/[id]"" then it should be assumed that the reference is to a FHIR RESTful server.","","","","","","","","",,,,,"",,,,"Reference.reference",0,1,"ref-1
","ele-1:All FHIR elements must have a @value or children {hasValue() or (children().count() > id.count())}
","N/A"
"Medication.ingredient.item[x]:itemReference.type","Medication.ingredient.item[x].type","","","",0,1,"","","Y","uri {[]} {[]}
","Type the reference refers to (e.g. ""Patient"")","The expected type of the target of the reference. If both Reference.type and Reference.reference are populated and Reference.reference is a FHIR URL, both SHALL be consistent.

The type is the Canonical URL of Resource Definition that is the type this reference refers to. References are URLs that are relative to http://hl7.org/fhir/StructureDefinition/ e.g. ""Patient"" is a reference to http://hl7.org/fhir/StructureDefinition/Patient. Absolute URLs are only allowed for logical models (and can only be used in references in logical models, not resources).","This element is used to indicate the type of  the target of the reference. This may be used which ever of the other elements are populated (or not). In some cases, the type of the target may be determined by inspection of the reference (e.g. a RESTful URL) or by resolving the target of the reference; if both the type and a reference is provided, the reference SHALL resolve to a resource of the same type as that specified.","","","","","","","","",,"extensible","Aa resource (or, for logical models, the URI of the logical model).","http://hl7.org/fhir/ValueSet/resource-types|4.0.1","",,,,"Reference.type",0,1,"","ele-1:All FHIR elements must have a @value or children {hasValue() or (children().count() > id.count())}
","N/A"
"Medication.ingredient.item[x]:itemReference.identifier","Medication.ingredient.item[x].identifier","","","",0,1,"","","Y","Identifier {[]} {[]}
","Logical reference, when literal reference is not known","An identifier for the target resource. This is used when there is no way to reference the other resource directly, either because the entity it represents is not available through a FHIR server, or because there is no way for the author of the resource to convert a known identifier to an actual location. There is no requirement that a Reference.identifier point to something that is actually exposed as a FHIR instance, but it SHALL point to a business concept that would be expected to be exposed as a FHIR instance, and that instance would need to be of a FHIR resource type allowed by the reference.","When an identifier is provided in place of a reference, any system processing the reference will only be able to resolve the identifier to a reference if it understands the business context in which the identifier is used. Sometimes this is global (e.g. a national identifier) but often it is not. For this reason, none of the useful mechanisms described for working with references (e.g. chaining, includes) are possible, nor should servers be expected to be able resolve the reference. Servers may accept an identifier based reference untouched, resolve it, and/or reject it - see CapabilityStatement.rest.resource.referencePolicy. 

When both an identifier and a literal reference are provided, the literal reference is preferred. Applications processing the resource are allowed - but not required - to check that the identifier matches the literal reference

Applications converting a logical reference to a literal reference may choose to leave the logical reference present, or remove it.

Reference is intended to point to a structure that can potentially be expressed as a FHIR resource, though there is no need for it to exist as an actual FHIR resource instance - except in as much as an application wishes to actual find the target of the reference. The content referred to be the identifier must meet the logical constraints implied by any limitations on what resource types are permitted for the reference.  For example, it would not be legitimate to send the identifier for a drug prescription if the type were Reference(Observation|DiagnosticReport).  One of the use-cases for Reference.identifier is the situation where no FHIR representation exists (where the type is Reference (Any).","","","","","","","","",,,,,"",,,,"Reference.identifier",0,1,"","ele-1:All FHIR elements must have a @value or children {hasValue() or (children().count() > id.count())}
",".identifier"
"Medication.ingredient.item[x]:itemReference.display","Medication.ingredient.item[x].display","","","",0,1,"","","Y","string {[]} {[]}
","Text alternative for the resource","Plain text narrative that identifies the resource in addition to the resource reference.","This is generally not the same as the Resource.text of the referenced resource.  The purpose is to identify what's being referenced, not to fully describe it.","","","","","","","","",,,,,"",,,,"Reference.display",0,1,"","ele-1:All FHIR elements must have a @value or children {hasValue() or (children().count() > id.count())}
","N/A"
"Medication.ingredient.isActive","Medication.ingredient.isActive","","","",0,1,"Y","","","boolean {[]} {[]}
","handelt es sich um einen aktiven Bestandteil?","Indication of whether this ingredient affects the therapeutic action of the drug.","Begründung des Must-Support: Wird eine vollständige Rezeptur dokumentiert, muss erkennbar sein, welches die Wirkstoffe sind","True indicates that the ingredient affects the therapeutic action of the drug (i.e. active). False indicates that the ingredient does not affect the therapeutic action of the drug (i.e. inactive).","","","","","","","",,,,,"",,,,"Medication.ingredient.isActive",0,1,"","ele-1:All FHIR elements must have a @value or children {hasValue() or (children().count() > id.count())}
","NA"
"Medication.ingredient.strength","Medication.ingredient.strength","","","",0,1,"Y","","","Ratio {[]} {[]}
","Stärke","Specifies how many (or how much) of the items there are in this Medication.  For example, 250 mg per tablet.  This is expressed as a ratio where the numerator is 250mg and the denominator is 1 tablet.","Begründung des Must-Support: Basisinformation in Rezepturen","","","","","","","","",,,,,"",,,,"Medication.ingredient.strength",0,1,"","ele-1:All FHIR elements must have a @value or children {hasValue() or (children().count() > id.count())}
","//element(*,DrugCodedType)/Strength",".quantity","RXC-3-Component Amount & RXC-4-Component Units  if medication: RXO-2-Requested Give Amount - Minimum & RXO-4-Requested Give Units / RXO-3-Requested Give Amount - Maximum & RXO-4-Requested Give Units / RXO-11-Requested Dispense Amount & RXO-12-Requested Dispense Units / RXE-3-Give Amount - Minimum & RXE-5-Give Units / RXE-4-Give Amount - Maximum & RXE-5-Give Units / RXE-10-Dispense Amount & RXE-10-Dispense Units"
"Medication.ingredient.strength.id","Medication.ingredient.strength.id","","","",0,1,"","","","string {[]} {[]}
","Unique id for inter-element referencing","Unique id for the element within a resource (for internal references). This may be any string value that does not contain spaces.","","","","","","","","","",,,,,"",,,,"Element.id",0,1,"","","n/a"
"Medication.ingredient.strength.extension","Medication.ingredient.strength.extension","","extensions
user content","",0,*,"","","","Extension {[]} {[]}
","Additional content defined by implementations","May be used to represent additional information that is not part of the basic definition of the element. To make the use of extensions safe and manageable, there is a strict set of governance  applied to the definition and use of extensions. Though any implementer can define an extension, there is a set of requirements that SHALL be met as part of the definition of the extension.","There can be no stigma associated with the use of extensions by any application, project, or standard - regardless of the institution or jurisdiction that uses or defines the extensions.  The use of extensions is what allows the FHIR specification to retain a core level of simplicity for everyone.","","","","","","","","",,,,,"","value:url}
","Extensions are always sliced by (at least) url",,"open","Element.extension",0,*,"","ele-1:All FHIR elements must have a @value or children {hasValue() or (children().count() > id.count())}
ext-1:Must have either extensions or value[x], not both {extension.exists() != value.exists()}","n/a"
"Medication.ingredient.strength.numerator","Medication.ingredient.strength.numerator","","","",1,1,"Y","","Y","Quantity {[CanonicalType[https://gematik.de/fhir/isik/StructureDefinition/MedicationQuantity]]} {[]}
","Numerator value","The value of the numerator.","","","","","","","","","",,,,,"",,,,"Ratio.numerator",0,1,"","ele-1:All FHIR elements must have a @value or children {hasValue() or (children().count() > id.count())}
",".numerator"
"Medication.ingredient.strength.denominator","Medication.ingredient.strength.denominator","","","",1,1,"Y","","Y","Quantity {[CanonicalType[https://gematik.de/fhir/isik/StructureDefinition/MedicationQuantity]]} {[]}
","Denominator value","The value of the denominator.","","","","","","","","","",,,,,"",,,,"Ratio.denominator",0,1,"","ele-1:All FHIR elements must have a @value or children {hasValue() or (children().count() > id.count())}
",".denominator"
"Medication.batch","Medication.batch","","","",0,1,"Y","","","BackboneElement {[]} {[]}
","Angaben zur Charge","Information that only applies to packages (not products).","Begründung des Must-Support: erforderlich zur Dokumentation der Chargennummer

  Hinweis: Bitte beachten Sie gegebenenfalls die Regelungen der zwischen GKV-SV und DAV: https://www.gkv-datenaustausch.de/leistungserbringer/apotheken/apotheken.jsp . Insbesondere den Technischen Anhang 7 (TA7) zur Arzneimittelabrechnungsvereinbarung gemäß § 300 Absatz 3 SGB V in der aktuellsten Fassung.","","","","","","","","",,,,,"",,,,"Medication.batch",0,1,"","ele-1:All FHIR elements must have a @value or children {hasValue() or (children().count() > id.count())}
","no mapping",".player[classCode=CONT]"
"Medication.batch.id","Medication.batch.id","","","",0,1,"","","","string {[]} {[]}
","Unique id for inter-element referencing","Unique id for the element within a resource (for internal references). This may be any string value that does not contain spaces.","","","","","","","","","",,,,,"",,,,"Element.id",0,1,"","","n/a"
"Medication.batch.extension","Medication.batch.extension","","extensions
user content","",0,*,"","","","Extension {[]} {[]}
","Additional content defined by implementations","May be used to represent additional information that is not part of the basic definition of the element. To make the use of extensions safe and manageable, there is a strict set of governance  applied to the definition and use of extensions. Though any implementer can define an extension, there is a set of requirements that SHALL be met as part of the definition of the extension.","There can be no stigma associated with the use of extensions by any application, project, or standard - regardless of the institution or jurisdiction that uses or defines the extensions.  The use of extensions is what allows the FHIR specification to retain a core level of simplicity for everyone.","","","","","","","","",,,,,"",,,,"Element.extension",0,*,"","ele-1:All FHIR elements must have a @value or children {hasValue() or (children().count() > id.count())}
ext-1:Must have either extensions or value[x], not both {extension.exists() != value.exists()}","n/a"
"Medication.batch.modifierExtension","Medication.batch.modifierExtension","","extensions
user contentmodifiers","",0,*,"","Y","Y","Extension {[]} {[]}
","Extensions that cannot be ignored even if unrecognized","May be used to represent additional information that is not part of the basic definition of the element and that modifies the understanding of the element in which it is contained and/or the understanding of the containing element's descendants. Usually modifier elements provide negation or qualification. To make the use of extensions safe and manageable, there is a strict set of governance applied to the definition and use of extensions. Though any implementer can define an extension, there is a set of requirements that SHALL be met as part of the definition of the extension. Applications processing a resource are required to check for modifier extensions.

Modifier extensions SHALL NOT change the meaning of any elements on Resource or DomainResource (including cannot change the meaning of modifierExtension itself).","There can be no stigma associated with the use of extensions by any application, project, or standard - regardless of the institution or jurisdiction that uses or defines the extensions.  The use of extensions is what allows the FHIR specification to retain a core level of simplicity for everyone.","Modifier extensions allow for extensions that *cannot* be safely ignored to be clearly distinguished from the vast majority of extensions which can be safely ignored.  This promotes interoperability by eliminating the need for implementers to prohibit the presence of extensions. For further information, see the [definition of modifier extensions](http://hl7.org/fhir/R4/extensibility.html#modifierExtension).","","","","","","","",,,,,"",,,,"BackboneElement.modifierExtension",0,*,"","ele-1:All FHIR elements must have a @value or children {hasValue() or (children().count() > id.count())}
ext-1:Must have either extensions or value[x], not both {extension.exists() != value.exists()}","N/A"
"Medication.batch.lotNumber","Medication.batch.lotNumber","","","",0,1,"Y","","","string {[]} {[]}
","Chargennummer","The assigned lot number of a batch of the specified product.","Begründung des Must-Support: Therapiesicherheit und Nachvollziehbarkeit

    Hinweis: Gemäß Anlage 1 der TA7 kann hier übergangsweise bis zum 30. Juni 2025 eine Musterchargennummer (""STELLEN"") eingetragen werden. Wenn die Übermittlung der Chargenbezeichnung beim Stellen von Arzneimitteln technisch nicht möglich ist, z.B. beim Verblistern, wird von der Verpflichtung zur Chargendokumentation abgesehen. Dementsprechend kann anstatt der tatsächlichen Chargenbezeichnungen ""STELLEN"" in das hierbeschirebene Datenfeld eingetragen werden.","","","","","","","","",,,,,"",,,,"Medication.batch.lotNumber",0,1,"","ele-1:All FHIR elements must have a @value or children {hasValue() or (children().count() > id.count())}
","no mapping",".id","RXA-15 Substance Lot Number / RXG-19 Substance Lot Number"
"Medication.batch.expirationDate","Medication.batch.expirationDate","","","",0,1,"","","","dateTime {[]} {[]}
","When batch will expire","When this specific batch of product will expire.","","","","","","","","","",,,,,"",,,,"Medication.batch.expirationDate",0,1,"","ele-1:All FHIR elements must have a @value or children {hasValue() or (children().count() > id.count())}
","no mapping","participation[typeCode=CSM].role[classCode=INST].scopedRole.scoper[classCode=MMAT].expirationTime","RXA-16 Substance Expiration Date / RXG-20 Substance Expiration Date"
