URL,Version,Status,OIDs,Name,Title,Description,Uses,Used,Sources
http://example.org/fhir/ValueSet/TestValueSet,0.0.1,active,,TestValueSet,,"",,
http://fhir.de/ValueSet/AbrechnungsDiagnoseProzedur,1.5.4,active,,AbrechnungsDiagnoseProzedur,AbrechnungsDiagnoseProzedur ValueSet,"Rolle von Diagnosen und Prozeduren im Abrechnungs-Kontext","StructureDefinition/ISiKAbrechnungsfall","de.basisprofil.r4"
http://fhir.de/ValueSet/DiagnoseTyp,1.5.4,active,,DiagnoseTyp,DiagnoseTyp ValueSet,"DiagnoseTyp ValueSet","StructureDefinition/ISiKKontaktGesundheitseinrichtung","de.basisprofil.r4"
http://fhir.de/ValueSet/Diagnosesubtyp,1.5.4,active,,Diagnosesubtyp,Diagnosesubtyp ValueSet,"Diagnosesubtyp ValueSet","StructureDefinition/ISiKKontaktGesundheitseinrichtung","de.basisprofil.r4,THO"
http://fhir.de/ValueSet/EncounterClassDE,1.5.4,active,,EncounterClassDE,EncounterClassDE,"Fallarten und Patientenstatus zur Codierung von Encounter.class","StructureDefinition/ISiKKontaktGesundheitseinrichtung","THO (V3)"
http://fhir.de/ValueSet/EncounterStatusDe,1.5.4,active,,EncounterStatusDe,Encounter Status ValueSet,"Einschränkung von Encounter Status in Vorbereitung auf Änderungen in FHIR R5","StructureDefinition/ISiKKontaktGesundheitseinrichtung","hl7.fhir.r4.core"
http://fhir.de/ValueSet/bfarm/ops,1.5.4,active,,OpsVS,OPS ValueSet,"OPS ValueSet","StructureDefinition/ISiKProzedur","de.basisprofil.r4"
http://fhir.de/ValueSet/dgkev/Aufnahmeanlass,1.5.4,active,,AufnahmeanlassVS,Aufnahmeanlass ValueSet,"Aufnahmeanlass, Datenübermittlung nach § 301 Abs. 3 SGB V","StructureDefinition/ISiKKontaktGesundheitseinrichtung","de.basisprofil.r4"
http://fhir.de/ValueSet/dkgev/AufnahmegrundDritteStelle,1.5.4,active,,AufnahmegrundDritteStelleVS,AufnahmegrundDritteStelle ValueSet,"Aufnahmegrund (3. Stelle), Datenübermittlung nach § 301 Abs. 3 SGB V","StructureDefinition/ISiKKontaktGesundheitseinrichtung","de.basisprofil.r4"
http://fhir.de/ValueSet/dkgev/AufnahmegrundErsteUndZweiteStelle,1.5.4,active,,AufnahmegrundErsteUndZweiteStelleVS,Aufnahmegrund Erste und Zweite Stelle ValueSet,"Aufnahmegrund (1. und 2. Stelle), Datenübermittlung nach § 301 Abs. 3 SGB V","StructureDefinition/ISiKKontaktGesundheitseinrichtung","de.basisprofil.r4"
http://fhir.de/ValueSet/dkgev/AufnahmegrundVierteStelle,1.5.4,active,,AufnahmegrundVierteStelleVS,Aufnahmegrund Vierte Stelle ValueSet,"Aufnahmegrund (4. Stelle), Datenübermittlung nach § 301 Abs. 3 SGB V","StructureDefinition/ISiKKontaktGesundheitseinrichtung","de.basisprofil.r4"
http://fhir.de/ValueSet/dkgev/Fachabteilungsschluessel,1.5.4,active,,FachabteilungsschluesselVS,Fachabteilungsschlüssel ValueSet,"Fachabteilungen gemäß Anhang 1 der BPflV in der am 31.12.2003 geltenden Fassung","StructureDefinition/ISiKKontaktGesundheitseinrichtung","de.basisprofil.r4"
http://fhir.de/ValueSet/dkgev/Fachabteilungsschluessel-erweitert,1.5.4,active,,ValueSetFachabteilungsschluesselErweitert,FachabteilungsschluesselErweitert ValueSet,"Fachabteilungen gemäß Anhang 1 der BPflV in der am 31.12.2003 geltenden Fassung inkl. Spezialisierungen","StructureDefinition/ISiKKontaktGesundheitseinrichtung,StructureDefinition/ISiKOrganisation,StructureDefinition/ISiKOrganisationFachabteilung","de.basisprofil.r4"
http://fhir.de/ValueSet/gender-other-de,1.5.4,active,,GenderOtherDEVS,GenderOtherDE ValueSet,"Codes zur Erfassung des amtlichen Geschlechts auf Basis der Spezifikationen ""XPersonenstand - Elektronische Datenübermittlung im Personenstandswesen"" und ""Kassenärztliche Vereinigung-Datentransfer"" der KB","StructureDefinition/ISiKPersonImGesundheitsberuf","de.basisprofil.r4"
http://fhir.de/ValueSet/identifier-type-de-basis,1.5.4,active,,IdentifierTypeDeBasisVS,Identifier Type DeBasis ValueSet,"ValueSet zur Codierung des Identifier-Typs","StructureDefinition/ISiKPatient,StructureDefinition/ISiKAbrechnungsfall,StructureDefinition/ISiKPersonImGesundheitsberuf,StructureDefinition/ISiKVersicherungsverhaeltnisGesetzlich","THO (V2),de.basisprofil.r4"
http://fhir.de/ValueSet/iso/bundeslaender,1.5.4,active,,ValueSetISO31662DE,ISO-3166-2:de-Laendercodes,"Enthaelt die ISO-3166-2:DE Codes für die deutschen Bundeslaender.","StructureDefinition/ISiKOrganisation,StructureDefinition/ISiKPatient,StructureDefinition/ISiKPersonImGesundheitsberuf,StructureDefinition/ISiKOrganisationFachabteilung,StructureDefinition/ISiKAngehoeriger","de.basisprofil.r4"
http://fhir.de/ValueSet/kontaktart-de,1.5.4,active,,KontaktartDe,KontaktartDe ValueSet,"Kontaktarten für die Codierung von Encounter.type","StructureDefinition/ISiKKontaktGesundheitseinrichtung","de.basisprofil.r4"
http://fhir.de/ValueSet/kontaktebene-de,1.5.4,active,,KontaktebeneDe,KontaktebeneDe ValueSet,"Kontaktebene für die Codierung von Encounter.type","StructureDefinition/ISiKKontaktGesundheitseinrichtung","de.basisprofil.r4"
http://fhir.de/ValueSet/versicherungsart-de-basis,1.5.4,active,,VersicherungsartDeBasisVS,,"ValueSet für die in Deutschland üblichen Versicherungsarten","StructureDefinition/ISiKVersicherungsverhaeltnisSonstige,StructureDefinition/ISiKVersicherungsverhaeltnisSelbstzahler,StructureDefinition/ISiKVersicherungsverhaeltnisGesetzlich","THO (V3),de.basisprofil.r4,Other"
http://hl7.org/fhir/ValueSet/account-status,4.0.1,draft,"2.16.840.1.113883.4.642.3.726",AccountStatus,AccountStatus,"Indicates whether the account is available to be used.","StructureDefinition/ISiKAbrechnungsfall","hl7.fhir.r4.core"
http://hl7.org/fhir/ValueSet/account-type,4.0.1,draft,"2.16.840.1.113883.4.642.3.728",AccountTypes,Account Types,"This examples value set defines the set of codes that can be used to represent the type of an account.","StructureDefinition/ISiKAbrechnungsfall","THO (V3)"
http://hl7.org/fhir/ValueSet/address-type,4.0.1,active,"2.16.840.1.113883.4.642.3.69",AddressType,AddressType,"The type of an address (physical / postal).","StructureDefinition/ISiKOrganisation,StructureDefinition/ISiKPatient,StructureDefinition/ISiKPersonImGesundheitsberuf,StructureDefinition/ISiKOrganisationFachabteilung,StructureDefinition/ISiKAngehoeriger","hl7.fhir.r4.core"
http://hl7.org/fhir/ValueSet/address-use,4.0.1,active,"2.16.840.1.113883.4.642.3.67",AddressUse,AddressUse,"The use of an address.","StructureDefinition/ISiKOrganisation,StructureDefinition/ISiKPatient,StructureDefinition/ISiKPersonImGesundheitsberuf,StructureDefinition/ISiKOrganisationFachabteilung,StructureDefinition/ISiKAngehoeriger","hl7.fhir.r4.core"
http://hl7.org/fhir/ValueSet/administrative-gender,4.0.1,active,"2.16.840.1.113883.4.642.3.1",AdministrativeGender,AdministrativeGender,"The gender of a person used for administrative purposes.","StructureDefinition/ISiKPatient,StructureDefinition/ISiKPersonImGesundheitsberuf,StructureDefinition/ISiKAngehoeriger","hl7.fhir.r4.core"
http://hl7.org/fhir/ValueSet/allergy-intolerance-category,4.0.1,draft,"2.16.840.1.113883.4.642.3.133",AllergyIntoleranceCategory,AllergyIntoleranceCategory,"Category of an identified substance associated with allergies or intolerances.","StructureDefinition/ISiKAllergieUnvertraeglichkeit","hl7.fhir.r4.core"
http://hl7.org/fhir/ValueSet/allergy-intolerance-criticality,4.0.1,draft,"2.16.840.1.113883.4.642.3.129",AllergyIntoleranceCriticality,AllergyIntoleranceCriticality,"Estimate of the potential clinical harm, or seriousness, of a reaction to an identified substance.","StructureDefinition/ISiKAllergieUnvertraeglichkeit","hl7.fhir.r4.core"
http://hl7.org/fhir/ValueSet/allergy-intolerance-type,4.0.1,draft,"2.16.840.1.113883.4.642.3.131",AllergyIntoleranceType,AllergyIntoleranceType,"Identification of the underlying physiological mechanism for a Reaction Risk.","StructureDefinition/ISiKAllergieUnvertraeglichkeit","hl7.fhir.r4.core"
http://hl7.org/fhir/ValueSet/allergyintolerance-clinical,4.0.1,draft,"2.16.840.1.113883.4.642.3.1372",AllergyIntoleranceClinicalStatusCodes,AllergyIntolerance Clinical Status Codes,"Preferred value set for AllergyIntolerance Clinical Status.","StructureDefinition/ISiKAllergieUnvertraeglichkeit","THO"
http://hl7.org/fhir/ValueSet/allergyintolerance-code,4.0.1,draft,"2.16.840.1.113883.4.642.3.137",AllergyIntoleranceSubstance/Product,ConditionAndNegationCodes,AllergyIntolerance Substance/Product, Condition and Negation Codes,"This value set includes concept codes for specific substances/pharmaceutical products, allergy or intolerance conditions, and negation/exclusion codes to specify the absence of specific types of allergies or intolerances.","StructureDefinition/ISiKAllergieUnvertraeglichkeit","SCT"
http://hl7.org/fhir/ValueSet/allergyintolerance-verification,4.0.1,draft,"2.16.840.1.113883.4.642.3.1370",AllergyIntoleranceVerificationStatusCodes,AllergyIntolerance Verification Status Codes,"Preferred value set for AllergyIntolerance Verification Status.","StructureDefinition/ISiKAllergieUnvertraeglichkeit","THO"
http://hl7.org/fhir/ValueSet/body-site,4.0.1,draft,"2.16.840.1.113883.4.642.3.141",SNOMEDCTBodyStructures,SNOMED CT Body Structures,"This value set includes all codes from [SNOMED CT](http://snomed.info/sct) where concept is-a 442083009 (Anatomical or acquired body site (body structure)).","StructureDefinition/ISiKAlkoholAbusus,StructureDefinition/ISiKDiagnose,StructureDefinition/ISiKRaucherStatus,StructureDefinition/ISiKStillstatus,StructureDefinition/ISiKLebensZustand,StructureDefinition/ISiKSchwangerschaftsstatus,StructureDefinition/ISiKProzedur,StructureDefinition/ISiKSchwangerschaftErwarteterEntbindungstermin","SCT"
http://hl7.org/fhir/ValueSet/bundle-type,4.0.1,active,"2.16.840.1.113883.4.642.3.620",BundleType,BundleType,"Indicates the purpose of a bundle - how it is intended to be used.","StructureDefinition/ISiKBerichtBundle","hl7.fhir.r4.core"
http://hl7.org/fhir/ValueSet/clinical-findings,4.0.1,draft,"2.16.840.1.113883.4.642.3.232",SNOMEDCTClinicalFindings,SNOMED CT Clinical Findings,"This value set includes all the ""Clinical finding"" [SNOMED CT](http://snomed.info/sct) codes - concepts where concept is-a 404684003 (Clinical finding (finding)).","StructureDefinition/ISiKAllergieUnvertraeglichkeit","SCT"
http://hl7.org/fhir/ValueSet/codesystem-content-mode,4.0.1,active,"2.16.840.1.113883.4.642.3.782",CodeSystemContentMode,CodeSystemContentMode,"The extent of the content of the code system (the concepts and codes it defines) are represented in a code system resource.","StructureDefinition/ISiKCodeSystem","hl7.fhir.r4.core"
http://hl7.org/fhir/ValueSet/codesystem-hierarchy-meaning,4.0.1,active,"2.16.840.1.113883.4.642.3.784",CodeSystemHierarchyMeaning,CodeSystemHierarchyMeaning,"The meaning of the hierarchy of concepts in a code system.","StructureDefinition/ISiKCodeSystem","hl7.fhir.r4.core"
http://hl7.org/fhir/ValueSet/common-tags,4.0.1,draft,"2.16.840.1.113883.4.642.3.79",CommonTags,Common Tags,"Common Tag Codes defined by FHIR project","StructureDefinition/ISiKAllergieUnvertraeglichkeit,StructureDefinition/ISiKStandortRaum,StructureDefinition/ISiKStillstatus,StructureDefinition/ISiKStandort,StructureDefinition/ISiKLebensZustand,StructureDefinition/ISiKSchwangerschaftsstatus,StructureDefinition/ISiKKontaktGesundheitseinrichtung,StructureDefinition/ISiKPatient,StructureDefinition/ISiKProzedur,StructureDefinition/ISiKValueSet,StructureDefinition/ISiKCodeSystem,StructureDefinition/ISiKPersonImGesundheitsberuf,StructureDefinition/ISiKSchwangerschaftErwarteterEntbindungstermin,StructureDefinition/ISiKBerichtBundle,StructureDefinition/ISiKOrganisationFachabteilung,StructureDefinition/ISiKAngehoeriger,StructureDefinition/ISiKAlkoholAbusus,StructureDefinition/ISiKDiagnose,StructureDefinition/ISiKRaucherStatus,StructureDefinition/ISiKStandortBettenstellplatz,StructureDefinition/ISiKAbrechnungsfall","THO"
http://hl7.org/fhir/ValueSet/concept-property-type,4.0.1,active,"2.16.840.1.113883.4.642.3.780",PropertyType,PropertyType,"The type of a property value.","StructureDefinition/ISiKCodeSystem","hl7.fhir.r4.core"
http://hl7.org/fhir/ValueSet/condition-category,4.0.1,draft,"2.16.840.1.113883.4.642.3.162",ConditionCategoryCodes,Condition Category Codes,"Preferred value set for Condition Categories.","StructureDefinition/ISiKDiagnose","THO"
http://hl7.org/fhir/ValueSet/condition-clinical,4.0.1,draft,"2.16.840.1.113883.4.642.3.164",ConditionClinicalStatusCodes,Condition Clinical Status Codes,"Preferred value set for Condition Clinical Status.","StructureDefinition/ISiKDiagnose","THO"
http://hl7.org/fhir/ValueSet/condition-code,4.0.1,draft,"2.16.840.1.113883.4.642.3.161",Condition/Problem/DiagnosisCodes,Condition/Problem/Diagnosis Codes,"Example value set for Condition/Problem/Diagnosis codes.","StructureDefinition/ISiKDiagnose,StructureDefinition/ISiKProzedur","SCT"
http://hl7.org/fhir/ValueSet/condition-severity,4.0.1,draft,"2.16.840.1.113883.4.642.3.168",Condition/DiagnosisSeverity,Condition/Diagnosis Severity,"Preferred value set for Condition/Diagnosis severity grading.","StructureDefinition/ISiKDiagnose","SCT"
http://hl7.org/fhir/ValueSet/condition-stage,4.0.1,draft,"2.16.840.1.113883.4.642.3.170",ConditionStage,Condition Stage,"Example value set for stages of cancer and other conditions.","StructureDefinition/ISiKDiagnose","SCT"
http://hl7.org/fhir/ValueSet/condition-stage-type,4.0.1,draft,"2.16.840.1.113883.4.642.3.171",ConditionStageType,Condition Stage Type,"Example value set for the type of stages of cancer and other conditions","StructureDefinition/ISiKDiagnose","SCT"
http://hl7.org/fhir/ValueSet/condition-ver-status,4.0.1,draft,"2.16.840.1.113883.4.642.3.166",ConditionVerificationStatus,ConditionVerificationStatus,"The verification status to support or decline the clinical status of the condition or diagnosis.","StructureDefinition/ISiKDiagnose","THO"
http://hl7.org/fhir/ValueSet/contact-point-system,4.0.1,active,"2.16.840.1.113883.4.642.3.71",ContactPointSystem,ContactPointSystem,"Telecommunications form for contact point.","StructureDefinition/ISiKPatient,StructureDefinition/ISiKPersonImGesundheitsberuf,StructureDefinition/ISiKAngehoeriger","hl7.fhir.r4.core"
http://hl7.org/fhir/ValueSet/contact-point-use,4.0.1,active,"2.16.840.1.113883.4.642.3.73",ContactPointUse,ContactPointUse,"Use of contact point.","StructureDefinition/ISiKPatient,StructureDefinition/ISiKPersonImGesundheitsberuf,StructureDefinition/ISiKAngehoeriger","hl7.fhir.r4.core"
http://hl7.org/fhir/ValueSet/contactentity-type,4.0.1,draft,"2.16.840.1.113883.4.642.3.416",ContactEntityType,Contact entity type,"This example value set defines a set of codes that can be used to indicate the purpose for which you would contact a contact party.","StructureDefinition/ISiKOrganisation,StructureDefinition/ISiKOrganisationFachabteilung","THO"
http://hl7.org/fhir/ValueSet/coverage-class,4.0.1,draft,"2.16.840.1.113883.4.642.3.1009",CoverageClassCodes,Coverage Class Codes,"This value set includes Coverage Class codes.","StructureDefinition/ISiKVersicherungsverhaeltnisSonstige,StructureDefinition/ISiKVersicherungsverhaeltnisSelbstzahler,StructureDefinition/ISiKVersicherungsverhaeltnisGesetzlich","THO"
http://hl7.org/fhir/ValueSet/coverage-copay-type,4.0.1,draft,"2.16.840.1.113883.4.642.3.527",CoverageCopayTypeCodes,Coverage Copay Type Codes,"This value set includes sample Coverage Copayment Type codes.","StructureDefinition/ISiKVersicherungsverhaeltnisSonstige,StructureDefinition/ISiKVersicherungsverhaeltnisSelbstzahler,StructureDefinition/ISiKVersicherungsverhaeltnisGesetzlich","THO"
http://hl7.org/fhir/ValueSet/coverage-financial-exception,4.0.1,draft,"2.16.840.1.113883.4.642.3.1328",ExampleCoverageFinancialExceptionCodes,Example Coverage Financial Exception Codes,"This value set includes Example Coverage Financial Exception Codes.","StructureDefinition/ISiKVersicherungsverhaeltnisSonstige,StructureDefinition/ISiKVersicherungsverhaeltnisSelbstzahler,StructureDefinition/ISiKVersicherungsverhaeltnisGesetzlich","THO"
http://hl7.org/fhir/ValueSet/data-absent-reason,4.0.1,active,"2.16.840.1.113883.4.642.3.5",DataAbsentReason,DataAbsentReason,"Used to specify why the normally expected content of the data element is missing.","StructureDefinition/ISiKAlkoholAbusus,StructureDefinition/ISiKRaucherStatus,StructureDefinition/ISiKStillstatus,StructureDefinition/ISiKLebensZustand,StructureDefinition/ISiKSchwangerschaftsstatus,StructureDefinition/ISiKPatient,StructureDefinition/ISiKSchwangerschaftErwarteterEntbindungstermin","THO"
http://hl7.org/fhir/ValueSet/days-of-week,4.0.1,active,"2.16.840.1.113883.4.642.3.512",DaysOfWeek,DaysOfWeek,"The days of the week.","StructureDefinition/ISiKStandortRaum,StructureDefinition/ISiKStandort,StructureDefinition/ISiKStandortBettenstellplatz","hl7.fhir.r4.core"
http://hl7.org/fhir/ValueSet/designation-use,4.0.1,active,"2.16.840.1.113883.4.642.3.264",DesignationUse,Designation Use,"Details of how a designation would be used","StructureDefinition/ISiKValueSet,StructureDefinition/ISiKCodeSystem","SCT"
http://hl7.org/fhir/ValueSet/device-action,4.0.1,draft,"2.16.840.1.113883.4.642.3.425",ProcedureDeviceActionCodes,Procedure Device Action Codes,"Example codes indicating the change that happened to the device during the procedure.  Note that these are in no way complete and might not even be appropriate for some uses.","StructureDefinition/ISiKProzedur","SCT"
http://hl7.org/fhir/ValueSet/device-kind,4.0.1,draft,"2.16.840.1.113883.4.642.3.208",FHIRDeviceTypes,FHIR Device Types,"Codes used to identify medical devices. Includes concepts from SNOMED CT (http://www.snomed.org/) where concept is-a 49062001 (Device)  and is provided as a suggestive example.","StructureDefinition/ISiKProzedur","SCT"
http://hl7.org/fhir/ValueSet/diagnosis-role,4.0.1,draft,"2.16.840.1.113883.4.642.3.49",DiagnosisRole,DiagnosisRole,"This value set defines a set of codes that can be used to express the role of a diagnosis on the Encounter or EpisodeOfCare record.","StructureDefinition/ISiKKontaktGesundheitseinrichtung","THO"
http://hl7.org/fhir/ValueSet/encounter-diet,4.0.1,draft,"2.16.840.1.113883.4.642.3.255",Diet,Diet,"This value set defines a set of codes that can be used to indicate dietary preferences or restrictions a patient may have.","StructureDefinition/ISiKKontaktGesundheitseinrichtung","THO"
http://hl7.org/fhir/ValueSet/encounter-discharge-disposition,4.0.1,draft,"2.16.840.1.113883.4.642.3.259",DischargeDisposition,Discharge disposition,"This value set defines a set of codes that can be used to where the patient left the hospital.","StructureDefinition/ISiKKontaktGesundheitseinrichtung","THO"
http://hl7.org/fhir/ValueSet/encounter-location-status,4.0.1,draft,"2.16.840.1.113883.4.642.3.262",EncounterLocationStatus,EncounterLocationStatus,"The status of the location.","StructureDefinition/ISiKKontaktGesundheitseinrichtung","hl7.fhir.r4.core"
http://hl7.org/fhir/ValueSet/encounter-participant-type,4.0.1,draft,"2.16.840.1.113883.4.642.3.250",ParticipantType,Participant type,"This value set defines a set of codes that can be used to indicate how an individual participates in an encounter.","StructureDefinition/ISiKKontaktGesundheitseinrichtung","THO (V3),THO"
http://hl7.org/fhir/ValueSet/encounter-reason,4.0.1,draft,"2.16.840.1.113883.4.642.3.261",EncounterReasonCodes,Encounter Reason Codes,"This examples value set defines the set of codes that can be used to indicate reasons for an encounter.","StructureDefinition/ISiKKontaktGesundheitseinrichtung","SCT"
http://hl7.org/fhir/ValueSet/encounter-special-arrangements,4.0.1,draft,"2.16.840.1.113883.4.642.3.253",SpecialArrangements,Special arrangements,"This value set defines a set of codes that can be used to indicate the kinds of special arrangements in place for a patients visit.","StructureDefinition/ISiKKontaktGesundheitseinrichtung","THO"
http://hl7.org/fhir/ValueSet/encounter-special-courtesy,4.0.1,draft,"2.16.840.1.113883.4.642.3.252",SpecialCourtesy,Special courtesy,"This value set defines a set of codes that can be used to indicate special courtesies provided to the patient.","StructureDefinition/ISiKKontaktGesundheitseinrichtung","THO (V3)"
http://hl7.org/fhir/ValueSet/encounter-status,4.0.1,draft,"2.16.840.1.113883.4.642.3.246",EncounterStatus,EncounterStatus,"Current state of the encounter.","StructureDefinition/ISiKKontaktGesundheitseinrichtung","hl7.fhir.r4.core"
http://hl7.org/fhir/ValueSet/encounter-type,4.0.1,draft,"2.16.840.1.113883.4.642.3.248",EncounterType,Encounter type,"This example value set defines a set of codes that can be used to indicate the type of encounter: a specific code indicating type of service provided.","StructureDefinition/ISiKKontaktGesundheitseinrichtung","THO"
http://hl7.org/fhir/ValueSet/event-status,4.0.1,draft,"2.16.840.1.113883.4.642.3.109",EventStatus,EventStatus,"Codes identifying the lifecycle stage of an event.","StructureDefinition/ISiKProzedur","hl7.fhir.r4.core"
http://hl7.org/fhir/ValueSet/filter-operator,4.0.1,active,"2.16.840.1.113883.4.642.3.478",FilterOperator,FilterOperator,"The kind of operation to perform as a part of a property based filter.","StructureDefinition/ISiKValueSet,StructureDefinition/ISiKCodeSystem","hl7.fhir.r4.core"
http://hl7.org/fhir/ValueSet/fm-status,4.0.1,draft,"2.16.840.1.113883.4.642.3.592",FinancialResourceStatusCodes,Financial Resource Status Codes,"This value set includes Status codes.","StructureDefinition/ISiKVersicherungsverhaeltnisSonstige,StructureDefinition/ISiKVersicherungsverhaeltnisSelbstzahler,StructureDefinition/ISiKVersicherungsverhaeltnisGesetzlich","hl7.fhir.r4.core"
http://hl7.org/fhir/ValueSet/http-verb,4.0.1,active,"2.16.840.1.113883.4.642.3.624",HTTPVerb,HTTPVerb,"HTTP verbs (in the HTTP command line). See [HTTP rfc](https://tools.ietf.org/html/rfc7231) for details.","StructureDefinition/ISiKBerichtBundle","hl7.fhir.r4.core"
http://hl7.org/fhir/ValueSet/identifier-type,4.0.1,active,"2.16.840.1.113883.4.642.3.45",Identifier Type Codes,IdentifierType,"A coded type for an identifier that can be used to determine which identifier to use for a specific purpose.","StructureDefinition/ISiKKontaktGesundheitseinrichtung,StructureDefinition/ISiKOrganisation,StructureDefinition/ISiKPersonImGesundheitsberuf,StructureDefinition/ISiKOrganisationFachabteilung","THO (V2)"
http://hl7.org/fhir/ValueSet/identifier-use,4.0.1,active,"2.16.840.1.113883.4.642.3.57",IdentifierUse,IdentifierUse,"Identifies the purpose for this identifier, if known .","StructureDefinition/ISiKKontaktGesundheitseinrichtung,StructureDefinition/ISiKOrganisation,StructureDefinition/ISiKPatient,StructureDefinition/ISiKAbrechnungsfall,StructureDefinition/ISiKPersonImGesundheitsberuf,StructureDefinition/ISiKVersicherungsverhaeltnisGesetzlich,StructureDefinition/ISiKOrganisationFachabteilung","hl7.fhir.r4.core"
http://hl7.org/fhir/ValueSet/iso3166-1-2,4.0.1,active,,Iso3166-1-2,Iso 3166 Part 1: 2 Letter Codes,"This value set defines the ISO 3166 Part 1 2-letter codes","StructureDefinition/ISiKOrganisation,StructureDefinition/ISiKPatient,StructureDefinition/ISiKPersonImGesundheitsberuf,StructureDefinition/ISiKOrganisationFachabteilung,StructureDefinition/ISiKAngehoeriger","hl7.terminology.r4"
http://hl7.org/fhir/ValueSet/jurisdiction,4.0.1,active,"2.16.840.1.113883.4.642.3.48",Jurisdiction ValueSet,Jurisdiction,"This value set defines a base set of codes for country, country subdivision and region    for indicating where a resource is intended to be used.             Note: The codes for countries and country subdivisions are taken from    [ISO 3166](https://www.iso.org/iso-3166-country-codes.html)    while the codes for ""supra-national"" regions are from    [UN Standard country or area codes for statistical use (M49)](http://unstats.un.org/unsd/methods/m49/m49.htm).","StructureDefinition/ISiKValueSet,StructureDefinition/ISiKCodeSystem","hl7.terminology.r4,Other"
http://hl7.org/fhir/ValueSet/languages,4.0.1,draft,"2.16.840.1.113883.4.642.3.20",CommonLanguages,Common Languages,"This value set includes common codes from BCP-47 (http://tools.ietf.org/html/bcp47)","StructureDefinition/ISiKAllergieUnvertraeglichkeit,StructureDefinition/ISiKStandortRaum,StructureDefinition/ISiKStillstatus,StructureDefinition/ISiKSchwangerschaftsstatus,StructureDefinition/ISiKKontaktGesundheitseinrichtung,StructureDefinition/ISiKVersicherungsverhaeltnisSelbstzahler,StructureDefinition/ISiKOrganisation,StructureDefinition/ISiKProzedur,StructureDefinition/ISiKValueSet,StructureDefinition/ISiKOrganisationFachabteilung,StructureDefinition/ISiKAngehoeriger,StructureDefinition/ISiKRaucherStatus,StructureDefinition/ISiKStandortBettenstellplatz,StructureDefinition/ISiKStandort,StructureDefinition/ISiKLebensZustand,StructureDefinition/ISiKVersicherungsverhaeltnisSonstige,StructureDefinition/ISiKPatient,StructureDefinition/ISiKPersonImGesundheitsberuf,StructureDefinition/ISiKCodeSystem,StructureDefinition/ISiKSchwangerschaftErwarteterEntbindungstermin,StructureDefinition/ISiKVersicherungsverhaeltnisGesetzlich,StructureDefinition/ISiKBerichtBundle,StructureDefinition/ISiKAlkoholAbusus,StructureDefinition/ISiKDiagnose,StructureDefinition/ISiKAbrechnungsfall","hl7.terminology.r4"
http://hl7.org/fhir/ValueSet/link-type,4.0.1,active,"2.16.840.1.113883.4.642.3.423",LinkType,LinkType,"The type of link between this patient resource and another patient resource.","StructureDefinition/ISiKPatient","hl7.fhir.r4.core"
http://hl7.org/fhir/ValueSet/location-mode,4.0.1,draft,"2.16.840.1.113883.4.642.3.330",LocationMode,LocationMode,"Indicates whether a resource instance represents a specific location or a class of locations.","StructureDefinition/ISiKStandortRaum,StructureDefinition/ISiKStandort,StructureDefinition/ISiKStandortBettenstellplatz","hl7.fhir.r4.core"
http://hl7.org/fhir/ValueSet/location-physical-type,4.0.1,draft,"2.16.840.1.113883.4.642.3.328",LocationType,Location type,"This example value set defines a set of codes that can be used to indicate the physical form of the Location.","StructureDefinition/ISiKStandortRaum,StructureDefinition/ISiKStandort,StructureDefinition/ISiKStandortBettenstellplatz","THO"
http://hl7.org/fhir/ValueSet/location-status,4.0.1,draft,"2.16.840.1.113883.4.642.3.332",LocationStatus,LocationStatus,"Indicates whether the location is still in use.","StructureDefinition/ISiKStandortRaum,StructureDefinition/ISiKStandort,StructureDefinition/ISiKStandortBettenstellplatz","hl7.fhir.r4.core"
http://hl7.org/fhir/ValueSet/manifestation-or-symptom,4.0.1,draft,"2.16.840.1.113883.4.642.3.169",ManifestationAndSymptomCodes,Manifestation and Symptom Codes,"Example value set for Manifestation and Symptom codes.","StructureDefinition/ISiKDiagnose","SCT"
http://hl7.org/fhir/ValueSet/marital-status,4.0.1,active,"2.16.840.1.113883.4.642.3.29",Marital Status Codes,MaritalStatus,"This value set defines the set of codes that can be used to indicate the marital status of a person.","StructureDefinition/ISiKPatient","THO (V3)"
http://hl7.org/fhir/ValueSet/name-part-qualifier,5.2.0,active,"2.16.840.1.113883.4.642.3.906",EntityNamePartQualifier,EntityNamePartQualifier,"A set of codes each of which specifies a certain subcategory of the name part in addition to the main name part type.","StructureDefinition/ISiKPatient","THO (V3)"
http://hl7.org/fhir/ValueSet/name-use,4.0.1,active,"2.16.840.1.113883.4.642.3.65",NameUse,NameUse,"The use of a human name.","StructureDefinition/ISiKPatient,StructureDefinition/ISiKPersonImGesundheitsberuf,StructureDefinition/ISiKAngehoeriger","hl7.fhir.r4.core"
http://hl7.org/fhir/ValueSet/observation-category,4.0.1,draft,"2.16.840.1.113883.4.642.3.403",ObservationCategoryCodes,Observation Category Codes,"Observation Category codes.","StructureDefinition/ISiKAlkoholAbusus,StructureDefinition/ISiKRaucherStatus,StructureDefinition/ISiKStillstatus,StructureDefinition/ISiKLebensZustand,StructureDefinition/ISiKSchwangerschaftsstatus,StructureDefinition/ISiKSchwangerschaftErwarteterEntbindungstermin","THO"
http://hl7.org/fhir/ValueSet/observation-codes,4.0.1,draft,"2.16.840.1.113883.4.642.3.396",LOINCCodes,LOINC Codes,"This value set includes all LOINC codes","StructureDefinition/ISiKAlkoholAbusus,StructureDefinition/ISiKRaucherStatus,StructureDefinition/ISiKStillstatus,StructureDefinition/ISiKLebensZustand,StructureDefinition/ISiKSchwangerschaftsstatus,StructureDefinition/ISiKSchwangerschaftErwarteterEntbindungstermin","LOINC"
http://hl7.org/fhir/ValueSet/observation-interpretation,4.0.1,active,"2.16.840.1.113883.4.642.3.399",ObservationInterpretationCodes,Observation Interpretation Codes,"A categorical assessment, providing a rough qualitative interpretation of the observation value,    such as “normal”/ “abnormal”,”low” / “high”, “better” / “worse”, “susceptible” / “resistant”, “expected”/ “not expected”.    The value set is intended to be for ANY use where coded representation of an interpretation is needed.             Notes:          This is being communicated in v2.x in OBX-8 (Observation Interpretation), in v3 in ObservationInterpretation (CWE) in R1 (Representative Realm) and in FHIR in    Observation.interpretation. Historically these values come from the laboratory domain, and these codes are extensively    used. The value set binding is extensible, so codes outside the value set that are needed for interpretation concepts    (i.e. particular meanings) that are not included in the value set can be used, and these new codes may also be added to    the value set and published in a future version.","StructureDefinition/ISiKAlkoholAbusus,StructureDefinition/ISiKRaucherStatus,StructureDefinition/ISiKStillstatus,StructureDefinition/ISiKLebensZustand,StructureDefinition/ISiKSchwangerschaftsstatus,StructureDefinition/ISiKSchwangerschaftErwarteterEntbindungstermin","THO (V3)"
http://hl7.org/fhir/ValueSet/observation-methods,4.0.1,draft,"2.16.840.1.113883.4.642.3.395",ObservationMethods,Observation Methods,"Observation Method codes from [SNOMED CT](http://snomed.info/sct) where concept is-a 272394005 (Technique (qualifier value)) or is-a 129264002 (Action (qualifier value)) or is-a 386053000 (Evaluation procedure(procedure))","StructureDefinition/ISiKAlkoholAbusus,StructureDefinition/ISiKRaucherStatus,StructureDefinition/ISiKStillstatus,StructureDefinition/ISiKLebensZustand,StructureDefinition/ISiKSchwangerschaftsstatus,StructureDefinition/ISiKSchwangerschaftErwarteterEntbindungstermin","SCT"
http://hl7.org/fhir/ValueSet/observation-status,4.0.1,active,"2.16.840.1.113883.4.642.3.400",ObservationStatus,ObservationStatus,"Codes providing the status of an observation.","StructureDefinition/ISiKAlkoholAbusus,StructureDefinition/ISiKRaucherStatus,StructureDefinition/ISiKStillstatus,StructureDefinition/ISiKLebensZustand,StructureDefinition/ISiKSchwangerschaftsstatus,StructureDefinition/ISiKSchwangerschaftErwarteterEntbindungstermin","hl7.fhir.r4.core"
http://hl7.org/fhir/ValueSet/organization-type,4.0.1,draft,"2.16.840.1.113883.4.642.3.414",OrganizationType,Organization type,"This example value set defines a set of codes that can be used to indicate a type of organization.","StructureDefinition/ISiKOrganisation,StructureDefinition/ISiKOrganisationFachabteilung","THO"
http://hl7.org/fhir/ValueSet/patient-contactrelationship,4.0.1,active,"2.16.840.1.113883.4.642.3.1130",PatientContactRelationship,Patient Contact Relationship ,"The nature of the relationship between the patient and the contact person.","StructureDefinition/ISiKPatient","THO (V2)"
http://hl7.org/fhir/ValueSet/performer-role,4.0.1,draft,"2.16.840.1.113883.4.642.3.433",ProcedurePerformerRoleCodes,Procedure Performer Role Codes,"This example value set defines the set of codes that can be used to indicate a role of a procedure performer.","StructureDefinition/ISiKProzedur","SCT"
http://hl7.org/fhir/ValueSet/procedure-category,4.0.1,draft,"2.16.840.1.113883.4.642.3.430",ProcedureCategoryCodes(SNOMEDCT),Procedure Category Codes (SNOMED CT),"Procedure Category code: A selection of relevant SNOMED CT codes.","StructureDefinition/ISiKProzedur","SCT"
http://hl7.org/fhir/ValueSet/procedure-code,4.0.1,draft,"2.16.840.1.113883.4.642.3.427",ProcedureCodes(SNOMEDCT),Procedure Codes (SNOMED CT),"Procedure Code: All SNOMED CT procedure codes.","StructureDefinition/ISiKProzedur","SCT"
http://hl7.org/fhir/ValueSet/procedure-followup,4.0.1,draft,"2.16.840.1.113883.4.642.3.429",ProcedureFollowUpCodes(SNOMEDCT),Procedure Follow up Codes (SNOMED CT),"Procedure follow up codes: A selection of SNOMED CT codes relevant to procedure follow up.","StructureDefinition/ISiKProzedur","SCT"
http://hl7.org/fhir/ValueSet/procedure-not-performed-reason,4.0.1,active,"2.16.840.1.113883.4.642.3.431",ProcedureNotPerformedReason(SNOMED-CT),Procedure Not Performed Reason (SNOMED-CT),"Situation codes describing the reason that a procedure, which might otherwise be expected, was not performed, or a procedure that was started and was not completed. Consists of SNOMED CT codes, children of procedure contraindicated (183932001), procedure discontinued (416406003), procedure not done (416237000), procedure not indicated (428119001), procedure not offered (416064006), procedure not wanted (416432009), procedure refused (183944003), and procedure stopped (394908001).","StructureDefinition/ISiKProzedur","SCT"
http://hl7.org/fhir/ValueSet/procedure-outcome,4.0.1,draft,"2.16.840.1.113883.4.642.3.428",ProcedureOutcomeCodes(SNOMEDCT),Procedure Outcome Codes (SNOMED CT),"Procedure Outcome code: A selection of relevant SNOMED CT codes.","StructureDefinition/ISiKProzedur","SCT"
http://hl7.org/fhir/ValueSet/procedure-reason,4.0.1,draft,"2.16.840.1.113883.4.642.3.432",ProcedureReasonCodes,Procedure Reason Codes,"This example value set defines the set of codes that can be used to indicate a reason for a procedure.","StructureDefinition/ISiKProzedur","SCT"
http://hl7.org/fhir/ValueSet/publication-status,4.0.1,active,"2.16.840.1.113883.4.642.3.3",PublicationStatus,PublicationStatus,"The lifecycle status of an artifact.","StructureDefinition/ISiKValueSet,StructureDefinition/ISiKCodeSystem","hl7.fhir.r4.core"
http://hl7.org/fhir/ValueSet/quantity-comparator,4.0.1,active,"2.16.840.1.113883.4.642.3.59",QuantityComparator,QuantityComparator,"How the Quantity should be understood and represented.","StructureDefinition/ISiKDiagnose","hl7.fhir.r4.core"
http://hl7.org/fhir/ValueSet/reaction-event-severity,4.0.1,draft,"2.16.840.1.113883.4.642.3.135",AllergyIntoleranceSeverity,AllergyIntoleranceSeverity,"Clinical assessment of the severity of a reaction event as a whole, potentially considering multiple different manifestations.","StructureDefinition/ISiKAllergieUnvertraeglichkeit","hl7.fhir.r4.core"
http://hl7.org/fhir/ValueSet/referencerange-appliesto,4.0.1,draft,"2.16.840.1.113883.4.642.3.407",ObservationReferenceRangeAppliesToCodes,Observation Reference Range Applies To Codes,"This value set defines a set of codes that can be used to indicate the particular target population the reference range applies to.","StructureDefinition/ISiKAlkoholAbusus,StructureDefinition/ISiKRaucherStatus,StructureDefinition/ISiKStillstatus,StructureDefinition/ISiKLebensZustand,StructureDefinition/ISiKSchwangerschaftsstatus,StructureDefinition/ISiKSchwangerschaftErwarteterEntbindungstermin","SCT"
http://hl7.org/fhir/ValueSet/referencerange-meaning,4.0.1,draft,"2.16.840.1.113883.4.642.3.397",ObservationReferenceRangeMeaningCodes,Observation Reference Range Meaning Codes,"This value set defines a set of codes that can be used to indicate the meaning/use of a reference range for a particular target population.","StructureDefinition/ISiKAlkoholAbusus,StructureDefinition/ISiKRaucherStatus,StructureDefinition/ISiKStillstatus,StructureDefinition/ISiKLebensZustand,StructureDefinition/ISiKSchwangerschaftsstatus,StructureDefinition/ISiKSchwangerschaftErwarteterEntbindungstermin","THO"
http://hl7.org/fhir/ValueSet/relatedperson-relationshiptype,4.0.1,draft,"2.16.840.1.113883.4.642.3.449",PatientRelationshipType,Patient relationship type,"A set of codes that can be used to indicate the relationship between a Patient and a Related Person.","StructureDefinition/ISiKAngehoeriger","THO (V3),THO (V2)"
http://hl7.org/fhir/ValueSet/resource-types,4.0.1,active,"2.16.840.1.113883.4.642.3.27",ResourceType,ResourceType,"One of the resource types defined as part of this version of FHIR.","StructureDefinition/ISiKAllergieUnvertraeglichkeit,StructureDefinition/ISiKStillstatus,StructureDefinition/ISiKLebensZustand,StructureDefinition/ISiKSchwangerschaftsstatus,StructureDefinition/ISiKVersicherungsverhaeltnisSonstige,StructureDefinition/ISiKKontaktGesundheitseinrichtung,StructureDefinition/ISiKVersicherungsverhaeltnisSelbstzahler,StructureDefinition/ISiKPatient,StructureDefinition/ISiKProzedur,StructureDefinition/ISiKValueSet,StructureDefinition/ISiKPersonImGesundheitsberuf,StructureDefinition/ISiKSchwangerschaftErwarteterEntbindungstermin,StructureDefinition/ISiKVersicherungsverhaeltnisGesetzlich,StructureDefinition/ISiKAngehoeriger,StructureDefinition/ISiKAlkoholAbusus,StructureDefinition/ISiKDiagnose,StructureDefinition/ISiKRaucherStatus,StructureDefinition/ISiKAbrechnungsfall","hl7.fhir.r4.core"
http://hl7.org/fhir/ValueSet/route-codes,4.0.1,draft,"2.16.840.1.113883.4.642.3.98",SNOMEDCTRouteCodes,SNOMED CT Route Codes,"This value set includes all Route codes from SNOMED CT - provided as an exemplar.","StructureDefinition/ISiKAllergieUnvertraeglichkeit","SCT"
http://hl7.org/fhir/ValueSet/search-entry-mode,4.0.1,active,"2.16.840.1.113883.4.642.3.622",SearchEntryMode,SearchEntryMode,"Why an entry is in the result set - whether it's included as a match or because of an _include requirement, or to convey information or warning information about the search process.","StructureDefinition/ISiKBerichtBundle","hl7.fhir.r4.core"
http://hl7.org/fhir/ValueSet/security-labels,4.0.1,active,"2.16.840.1.113883.4.642.3.47",All Security Labels,SecurityLabels,"A single value set for all security labels defined by FHIR.","StructureDefinition/ISiKAllergieUnvertraeglichkeit,StructureDefinition/ISiKStandortRaum,StructureDefinition/ISiKStillstatus,StructureDefinition/ISiKStandort,StructureDefinition/ISiKLebensZustand,StructureDefinition/ISiKSchwangerschaftsstatus,StructureDefinition/ISiKKontaktGesundheitseinrichtung,StructureDefinition/ISiKPatient,StructureDefinition/ISiKProzedur,StructureDefinition/ISiKValueSet,StructureDefinition/ISiKCodeSystem,StructureDefinition/ISiKPersonImGesundheitsberuf,StructureDefinition/ISiKSchwangerschaftErwarteterEntbindungstermin,StructureDefinition/ISiKBerichtBundle,StructureDefinition/ISiKOrganisationFachabteilung,StructureDefinition/ISiKAngehoeriger,StructureDefinition/ISiKAlkoholAbusus,StructureDefinition/ISiKDiagnose,StructureDefinition/ISiKRaucherStatus,StructureDefinition/ISiKStandortBettenstellplatz,StructureDefinition/ISiKAbrechnungsfall",
http://hl7.org/fhir/ValueSet/service-type,4.0.1,draft,"2.16.840.1.113883.4.642.3.518",ServiceType,Service type,"This value set defines an example set of codes of service-types.","StructureDefinition/ISiKKontaktGesundheitseinrichtung","THO"
http://hl7.org/fhir/ValueSet/subscriber-relationship,4.0.1,draft,"2.16.840.1.113883.4.642.3.1385",SubscriberRelationshipCodes,SubscriberPolicyholder Relationship Codes,"This value set includes codes for the relationship between the Subscriber and the Beneficiary (insured/covered party/patient).","StructureDefinition/ISiKVersicherungsverhaeltnisSonstige,StructureDefinition/ISiKVersicherungsverhaeltnisSelbstzahler,StructureDefinition/ISiKVersicherungsverhaeltnisGesetzlich","THO"
http://hl7.org/fhir/ValueSet/substance-code,4.0.1,draft,"2.16.840.1.113883.4.642.3.473",SubstanceCode,Substance Code,"This value set contains concept codes for specific substances. It includes codes from [SNOMED](http://snomed.info/sct) where concept is-a 105590001 (Substance (substance)) and where concept is-a 373873005 (Pharmaceutical / biologic product (product))","StructureDefinition/ISiKAllergieUnvertraeglichkeit","SCT"
http://hl7.org/fhir/ValueSet/usage-context-type,4.0.1,draft,"2.16.840.1.113883.4.642.3.101",UsageContextType,UsageContextType,"A code that specifies a type of context being specified by a usage context.","StructureDefinition/ISiKValueSet","THO"
http://ihe-d.de/ValueSets/IHEXDShealthcareFacilityTypeCode,2021-07-06T21:23:52,active,"1.2.276.0.76.11.36",IHEXDShealthcareFacilityTypeCode,IHE XDS healthcareFacilityTypeCode,"**healthcareFacilityTypeCode (XDSDocumentEntry)**  This code for an XDS Document represents the type of organizational setting of the clinical encounter during which the documented act occurred.","StructureDefinition/ISiKOrganisation",
http://ihe-d.de/ValueSets/IHEXDSpracticeSettingCode,2019-05-17T13:46:31,active,"1.2.276.0.76.11.37",IHEXDSpracticeSettingCode,IHE XDS practiceSettingCode,"**practiceSettingCode (XDSDocumentEntry)**  The code for an XDS Document that specifies the clinical specialty where the act that resulted in the document was performed (e.g., Family Practice, Laboratory, Radiology).","StructureDefinition/ISiKOrganisationFachabteilung",
http://terminology.hl7.org/ValueSet/conformance-expectation,1.0.0,draft,"2.16.840.1.113883.4.642.3.919",ConformanceExpectation,ConformanceExpectation,"Indicates the degree of adherence to a specified behavior or capability expected for a system to be deemed conformant with a specification.","StructureDefinition/ExtensionISiKCapabilityStatementImportsExpectation","THO"
http://terminology.hl7.org/ValueSet/v2-0092,2.0.0,active,"2.16.840.1.113883.21.40",Hl7VSReAdmissionIndicator,hl7VS-re-admissionIndicator,"Value Set of codes which are used to specify that a patient is being re-admitted to a healthcare facility from which they were discharged, and indicates the circumstances around such re-admission.","StructureDefinition/ISiKKontaktGesundheitseinrichtung","THO (V2)"
http://terminology.hl7.org/ValueSet/v2-0116,2.0.0,active,"2.16.840.1.113883.21.51",Hl7VSBedStatus,hl7VS-bedStatus,"Value Set of codes that specify the state of a bed in an inpatient setting, and is used to determine if a patient may be assigned to it or not.","StructureDefinition/ISiKStandortRaum,StructureDefinition/ISiKStandort,StructureDefinition/ISiKStandortBettenstellplatz","THO (V2)"
http://terminology.hl7.org/ValueSet/v2-2.7-0360,0360,active,,v2.0360.2.7,v2 table 0360, Version 2.7,"FHIR Value set/code system definition for HL7 v2 table 0360 ver 2.9 ( Degree/License/Certificate)","StructureDefinition/ISiKPersonImGesundheitsberuf","THO (V2)"
http://terminology.hl7.org/ValueSet/v3-ActEncounterCode,3.0.0,active,"2.16.840.1.113883.1.11.13955",ActEncounterCode,ActEncounterCode,"Domain provides codes that qualify the ActEncounterClass (ENC)","StructureDefinition/ISiKKontaktGesundheitseinrichtung","THO (V3)"
http://terminology.hl7.org/ValueSet/v3-ActPriority,3.0.0,active,"2.16.840.1.113883.1.11.16866",ActPriority,ActPriority,"A code or set of codes (e.g., for routine, emergency,) specifying the urgency under which the Act happened, can happen, is happening, is intended to happen, or is requested/demanded to happen.    *Discussion:* This attribute is used in orders to indicate the ordered priority, and in event documentation it indicates the actual priority used to perform the act. In definition mood it indicates the available priorities.","StructureDefinition/ISiKKontaktGesundheitseinrichtung","THO (V3)"
http://terminology.hl7.org/ValueSet/v3-ServiceDeliveryLocationRoleType,3.0.0,active,"2.16.840.1.113883.1.11.17660",ServiceDeliveryLocationRoleType,ServiceDeliveryLocationRoleType,"A role of a place that further classifies the setting (e.g., accident site, road side, work site, community location) in which services are delivered.","StructureDefinition/ISiKStandortRaum,StructureDefinition/ISiKStandort,StructureDefinition/ISiKStandortBettenstellplatz","THO (V3)"
http://terminology.hl7.org/ValueSet/yes-no-unknown-not-asked,1.0.0,active,,YesNoUnknownNotAsked,Yes No Unknown NotAsked,"This value set contains 4 concepts commonly used as answers to items in a questionnaire.","StructureDefinition/ISiKAlkoholAbusus","THO (V2)"
https://gematik.de/fhir/isik/ValueSet/DiagnosesSCT,0.0.1,active,,DiagnosesSCT,,"Enthaelt alle SNOMED Clinical finding, Event und Situation with explicit context codes","StructureDefinition/ISiKDiagnose","SCT"
https://gematik.de/fhir/isik/ValueSet/ISiKLocationPhysicalType,0.0.1,active,,ISiKLocationPhysicalType,,"","StructureDefinition/ISiKKontaktGesundheitseinrichtung","THO"
https://gematik.de/fhir/isik/ValueSet/ProzedurenCodesSCT,0.0.1,active,,ProzedurenCodesSCT,,"Enthaelt alle SNOMED Procedure Codes","StructureDefinition/ISiKProzedur","SCT"
https://gematik.de/fhir/isik/ValueSet/ProzedurenKategorieSCT,0.0.1,active,,ProzedurenKategorieSCT,,"Enthaelt alle SNOMED Codes für ein Mapping der OPS Klassentitel","StructureDefinition/ISiKProzedur","SCT"
https://gematik.de/fhir/isik/ValueSet/SchwangerschaftEtMethodeVS,0.0.1,active,,SchwangerschaftEtMethodeVS,Schwangerschaft Erwarteter Entbindungstermin Methode,"","StructureDefinition/ISiKSchwangerschaftErwarteterEntbindungstermin","LOINC"
https://gematik.de/fhir/isik/ValueSet/SchwangerschaftsstatusVS,0.0.1,active,,SchwangerschaftsstatusVS,Schwangerschaftsstatus Valueset,"","StructureDefinition/ISiKSchwangerschaftsstatus","LOINC"
https://gematik.de/fhir/isik/ValueSet/StillstatusVS,0.0.1,active,,StillstatusVS,Stillstatus LOINC Antwortoptionen,"Dieses Valueset enthält die Codes zur Beschreibung von Stillstatus LOINC.","StructureDefinition/ISiKStillstatus","LOINC"
https://gematik.de/fhir/isik/ValueSet/current-smoking-status-uv-ips,0.0.1,active,,CurrentSmokingStatusUvIps,Current Smoking Status - IPS,"HL7 LOINC value set for smoking status.  Based on the HL7 Vocab and Structured Doc WG (formerly TC) consensus - per US CDC submission 7/12/2012 for smoking status terms.","StructureDefinition/ISiKRaucherStatus","LOINC"
