{
  "resourceType": "Account",
  "id": "AbrechnungsfallDRG",
  "meta": {
    "profile": [
      "https://gematik.de/fhir/isik/StructureDefinition/ISiKAbrechnungsfall"
    ]
  },
  "identifier": [
    {
      "type": {
        "coding": [
          {
            "code": "AN",
            "system": "http://terminology.hl7.org/CodeSystem/v2-0203"
          }
        ]
      },
      "system": "https://test.krankenhaus.de/fhir/sid/abrechnungsnummer",
      "value": "0123456789"
    }
  ],
  "extension": [
    {
      "url": "http://fhir.de/StructureDefinition/ExtensionAbrechnungsDiagnoseProzedur",
      "extension": [
        {
          "url": "Use",
          "valueCoding": {
            "code": "hospital-main-diagnosis",
            "system": "http://fhir.de/CodeSystem/KontaktDiagnoseProzedur",
            "display": "Krankenhaus Hauptdiagnose"
          }
        },
        {
          "url": "Referenz",
          "valueReference": {
            "reference": "Condition/DiagnoseSelteneErkrankung"
          }
        }
      ]
    }
  ],
  "status": "active",
  "type": {
    "coding": [
      {
        "code": "IMP",
        "system": "http://terminology.hl7.org/CodeSystem/v3-ActCode"
      }
    ]
  },
  "subject": [
    {
      "reference": "Patient/PatientinMusterfrau"
    }
  ],
  "coverage": [
    {
      "extension": [
        {
          "url": "http://fhir.de/StructureDefinition/ExtensionAbrechnungsart",
          "valueCoding": {
            "code": "DRG",
            "system": "http://fhir.de/CodeSystem/dkgev/Abrechnungsart",
            "display": "Diagnosebezogene Fallgruppen"
          }
        }
      ],
      "coverage": {
        "reference": "Coverage/CoverageGesetzlich"
      }
    }
  ]
}
