{
  "resourceType": "AllergyIntolerance",
  "id": "ISiKAllergieUnvertraeglichkeitBeispiel1",
  "meta": {
    "profile": [
      "https://gematik.de/fhir/isik/StructureDefinition/ISiKAllergieUnvertraeglichkeit"
    ]
  },
  "clinicalStatus": {
    "coding": [
      {
        "code": "active",
        "system": "http://terminology.hl7.org/CodeSystem/allergyintolerance-clinical"
      }
    ]
  },
  "verificationStatus": {
    "coding": [
      {
        "code": "confirmed",
        "system": "http://terminology.hl7.org/CodeSystem/allergyintolerance-verification"
      }
    ]
  },
  "type": "allergy",
  "category": [
    "environment"
  ],
  "criticality": "low",
  "code": {
    "coding": [
      {
        "code": "256262001",
        "system": "http://snomed.info/sct",
        "display": "Betula pendula pollen"
      }
    ]
  },
  "patient": {
    "reference": "Patient/PatientinMusterfrau"
  },
  "onsetDateTime": "1987",
  "recordedDate": "2011-05-12",
  "recorder": {
    "display": "Dr. Martin Mustermann"
  },
  "asserter": {
    "display": "Dr. Berta Beispiel"
  },
  "note": [
    {
      "authorReference": {
        "reference": "Practitioner/PractitionerWalterArzt"
      },
      "time": "2024-02-20T14:34:12+01:00",
      "text": "Patientin berichtet von einer leichten Verschlimmerung in den letzten 3 Jahren."
    }
  ],
  "reaction": [
    {
      "manifestation": [
        {
          "coding": [
            {
              "code": "162367006",
              "system": "http://snomed.info/sct",
              "display": "Sneezing symptom"
            }
          ]
        }
      ],
      "severity": "moderate",
      "exposureRoute": {
        "coding": [
          {
            "code": "14910006",
            "system": "http://snomed.info/sct",
            "display": "Inspiration"
          }
        ]
      }
    }
  ]
}
