{
  "resourceType": "CodeSystem",
  "status": "draft",
  "content": "complete",
  "name": "ISiKBesondereBehandlungsformReha",
  "id": "ISiKBesondereBehandlungsformRehaCS",
  "description": "Besondere Behandlungsform der Reha gemäß §301(4 UND 4A) SGB V. Vgl. Schlüsseltabelle 2.51 Besondere Behandlungsformen.",
  "url": "https://gematik.de/fhir/isik/CodeSystem/ISiKBesondereBehandlungsformRehaCS",
  "concept": [
    {
      "code": "0",
      "display": "keine"
    },
    {
      "code": "1",
      "display": "MBOR",
      "definition": "Medizinisch beruflich orientierte Rehabilitation"
    },
    {
      "code": "2",
      "display": "VMO (vor dem Jahr 2021) / Kombination MBOR/VMO (ab dem Jahr 2021)",
      "definition": "Verhaltensmedizinische Orthopädie"
    },
    {
      "code": "3",
      "display": "VOR",
      "definition": "Verhaltensmedizinisch orientierte Rehabilitation"
    },
    {
      "code": "9",
      "display": "sonstige"
    }
  ],
  "version": "4.0.0-rc3",
  "experimental": false,
  "publisher": "gematik GmbH",
  "date": "2024-06-25",
  "count": 5
}
