{
  "resourceType": "CodeSystem",
  "status": "draft",
  "content": "complete",
  "name": "ISiKUnterbrechnungReha",
  "id": "ISiKUnterbrechnungRehaCS",
  "description": "ISiK Unterbrechung Reha. Dokumentiert die relevanten Gründe einer Unterbrechung einer Rehabilitationsmaßnahme im Einzelfall. Vgl. Schlüsseltabelle 2.111 Erläuterung zur Unterbrechung.",
  "url": "https://gematik.de/fhir/isik/CodeSystem/ISiKUnterbrechnungRehaCS",
  "concept": [
    {
      "code": "01",
      "display": "Interkurrente Erkrankung"
    },
    {
      "code": "02",
      "display": "Stationäre Krankenhausbehandlung (nicht interkurrente Erkrankung)"
    },
    {
      "code": "03",
      "display": "Beurlaubung"
    },
    {
      "code": "04",
      "display": "Stationäre Krankenhausbehandlung"
    },
    {
      "code": "05",
      "display": "Erkrankung (ohne Krankenhausbehandlung)"
    },
    {
      "code": "06",
      "display": "Belastungserprobung im häuslichen Umfeld"
    },
    {
      "code": "09",
      "display": "Sonstiger Grund, der zur Unterbrechung der Pflegekosten führt"
    }
  ],
  "version": "4.0.0-rc3",
  "experimental": false,
  "publisher": "gematik GmbH",
  "date": "2024-06-25",
  "count": 7
}
