{
  "resourceType": "CodeSystem",
  "status": "draft",
  "content": "complete",
  "name": "ISiKBehandlungsergebnisReha",
  "id": "ISiKBehandlungsergebnisRehaCS",
  "description": "Behandlungsergebnis Reha gemäß §301(4 UND 4A) SGB V. Diagnosenbezogene Bewertung des Behandlungsergebnisses für einen Versicherten/Berechtigten bei Entlassung aus der Reha-Maßnahme bzw. Stellung eines Antrags auf Verlängerung. Vgl. Schlüsseltabelle 2.71 Diagnose - Behandlungsergebnis.",
  "url": "https://gematik.de/fhir/isik/CodeSystem/ISiKBehandlungsergebnisRehaCS",
  "concept": [
    {
      "code": "0",
      "display": "Ziff. 1-3 trifft nicht zu"
    },
    {
      "code": "1",
      "display": "gebessert"
    },
    {
      "code": "2",
      "display": "unverändert"
    },
    {
      "code": "3",
      "display": "verschlechtert"
    }
  ],
  "version": "4.0.0-rc3",
  "experimental": false,
  "publisher": "gematik GmbH",
  "date": "2024-06-25",
  "count": 4
}
