{
  "resourceType": "CodeSystem",
  "id": "CodeSystemExample",
  "meta": {
    "profile": [
      "https://gematik.de/fhir/isik/StructureDefinition/ISiKCodeSystem"
    ]
  },
  "version": "4.0.0-rc3",
  "status": "active",
  "experimental": false,
  "publisher": "gematik GmbH",
  "date": "2024-06-25",
  "url": "http://example.org/fhir/CodeSystem/TestKatalog",
  "name": "TestKatalog",
  "content": "complete",
  "concept": [
    {
      "code": "test",
      "display": "Test",
      "definition": "Dies ist ein Test-Code"
    }
  ]
}
