{
  "resourceType": "Condition",
  "id": "BehandlungsDiagnoseFreitext",
  "meta": {
    "profile": [
      "https://gematik.de/fhir/isik/StructureDefinition/ISiKDiagnose"
    ]
  },
  "clinicalStatus": {
    "coding": [
      {
        "code": "active",
        "system": "http://terminology.hl7.org/CodeSystem/condition-clinical"
      }
    ]
  },
  "code": {
    "text": "Behandlungsdiagnose"
  },
  "subject": {
    "reference": "Patient/PatientinMusterfrau"
  },
  "onsetDateTime": "2019-09-02",
  "recordedDate": "2021-01-01"
}
