{
  "resourceType": "Condition",
  "id": "Example-condition-kreuz-stern-primaer",
  "meta": {
    "profile": [
      "https://gematik.de/fhir/isik/StructureDefinition/ISiKDiagnose"
    ]
  },
  "clinicalStatus": {
    "coding": [
      {
        "code": "recurrence",
        "system": "http://terminology.hl7.org/CodeSystem/condition-clinical"
      }
    ]
  },
  "code": {
    "coding": [
      {
        "extension": [
          {
            "url": "http://fhir.de/StructureDefinition/icd-10-gm-mehrfachcodierungs-kennzeichen",
            "valueCoding": {
              "version": "2021",
              "code": "†",
              "system": "http://fhir.de/CodeSystem/icd-10-gm-mehrfachcodierungs-kennzeichen"
            }
          }
        ],
        "version": "2019",
        "code": "E10.30",
        "system": "http://fhir.de/CodeSystem/bfarm/icd-10-gm",
        "display": "Diabetes mellitus"
      }
    ]
  },
  "subject": {
    "reference": "Patient/PatientinMusterfrau"
  },
  "encounter": {
    "reference": "Encounter/Fachabteilungskontakt"
  },
  "recordedDate": "2021-05-24",
  "note": [
    {
      "text": "Beispiel für eine Anmerkung"
    }
  ]
}
