{
  "resourceType": "Location",
  "id": "BettenstellplatzStandortBeispiel",
  "meta": {
    "profile": [
      "https://gematik.de/fhir/isik/StructureDefinition/ISiKStandortBettenstellplatz"
    ]
  },
  "physicalType": {
    "coding": [
      {
        "code": "bd",
        "system": "http://terminology.hl7.org/CodeSystem/location-physical-type",
        "display": "Bed"
      }
    ]
  },
  "managingOrganization": {
    "reference": "Organization/AbteilungAllgemeinchirurgieOrganisationBeispiel"
  },
  "partOf": {
    "reference": "Location/RaumStandortBeispiel"
  }
}
