{
  "resourceType": "Observation",
  "id": "ISiKRaucherStatusBeispiel",
  "meta": {
    "profile": [
      "https://gematik.de/fhir/isik/StructureDefinition/ISiKRaucherStatus"
    ]
  },
  "code": {
    "coding": [
      {
        "code": "77176002",
        "system": "http://snomed.info/sct",
        "display": "Smoker",
        "version": "http://snomed.info/sct/11000274103/version/20231115"
      },
      {
        "system": "http://loinc.org",
        "code": "72166-2",
        "display": "Tobacco smoking status",
        "version": "2.77"
      }
    ]
  },
  "status": "final",
  "subject": {
    "reference": "Patient/PatientinMusterfrau"
  },
  "effectiveDateTime": "2024-01-01",
  "valueCodeableConcept": {
    "coding": [
      {
        "code": "LA15920-4",
        "system": "http://loinc.org",
        "display": "Former smoker",
        "version": "2.77"
      }
    ]
  },
  "encounter": {
    "reference": "Encounter/Fachabteilungskontakt"
  }
}
