{
  "resourceType": "Observation",
  "id": "ISiKStillstatusBeispiel",
  "meta": {
    "profile": [
      "https://gematik.de/fhir/isik/StructureDefinition/ISiKStillstatus"
    ]
  },
  "code": {
    "coding": [
      {
        "code": "413712001",
        "system": "http://snomed.info/sct",
        "display": "Breastfeeding (mother)",
        "version": "http://snomed.info/sct/11000274103/version/20231115"
      },
      {
        "system": "http://loinc.org",
        "code": "63895-7",
        "display": "Breastfeeding status",
        "version": "2.77"
      }
    ]
  },
  "status": "final",
  "subject": {
    "reference": "Patient/PatientinMusterfrau"
  },
  "effectiveDateTime": "2024-01-01",
  "valueCodeableConcept": {
    "coding": [
      {
        "code": "LA29252-6",
        "system": "http://loinc.org",
        "display": "Currently breastfeeding"
      }
    ]
  },
  "encounter": {
    "reference": "Encounter/Fachabteilungskontakt"
  }
}
