{
  "resourceType": "Observation",
  "id": "ISiKSchwangerschaftsstatusBeispiel",
  "meta": {
    "profile": [
      "https://gematik.de/fhir/isik/StructureDefinition/ISiKSchwangerschaftsstatus"
    ]
  },
  "code": {
    "coding": [
      {
        "code": "82810-3",
        "system": "http://loinc.org",
        "display": "Pregnancy status",
        "version": "2.77"
      }
    ]
  },
  "status": "final",
  "subject": {
    "reference": "Patient/PatientinMusterfrau"
  },
  "effectiveDateTime": "2024-01-01",
  "valueCodeableConcept": {
    "coding": [
      {
        "code": "LA15173-0",
        "system": "http://loinc.org",
        "display": "Pregnant",
        "version": "2.77"
      }
    ]
  },
  "hasMember": [
    {
      "reference": "Observation/ISiKSchwangerschaftErwarteterEntbindungsterminBeispiel"
    }
  ],
  "encounter": {
    "reference": "Encounter/Fachabteilungskontakt"
  }
}
