{
  "resourceType": "Observation",
  "id": "ISiKSchwangerschaftErwarteterEntbindungsterminBeispiel",
  "meta": {
    "profile": [
      "https://gematik.de/fhir/isik/StructureDefinition/ISiKSchwangerschaftErwarteterEntbindungstermin"
    ]
  },
  "code": {
    "coding": [
      {
        "system": "http://loinc.org",
        "code": "11779-6",
        "display": "Delivery date Estimated from last menstrual period",
        "version": "2.77"
      }
    ]
  },
  "status": "final",
  "subject": {
    "reference": "Patient/PatientinMusterfrau"
  },
  "effectiveDateTime": "2024-01-01",
  "valueDateTime": "2024-08-01",
  "encounter": {
    "reference": "Encounter/Fachabteilungskontakt"
  }
}
