{
  "resourceType": "Observation",
  "id": "ISiKAlkoholAbususBeispiel",
  "meta": {
    "profile": [
      "https://gematik.de/fhir/isik/StructureDefinition/ISiKAlkoholAbusus"
    ]
  },
  "code": {
    "coding": [
      {
        "code": "15167005",
        "system": "http://snomed.info/sct",
        "display": "Schädlicher Gebrauch von Alkohol",
        "version": "http://snomed.info/sct/11000274103/version/20231115"
      },
      {
        "system": "http://loinc.org",
        "code": "74043-1",
        "display": "Alcohol use disorder",
        "version": "2.77"
      }
    ]
  },
  "status": "final",
  "subject": {
    "reference": "Patient/PatientinMusterfrau"
  },
  "effectiveDateTime": "2024-01-01",
  "valueCodeableConcept": {
    "coding": [
      {
        "code": "Y",
        "system": "http://terminology.hl7.org/CodeSystem/v2-0532",
        "display": "Yes"
      }
    ]
  },
  "encounter": {
    "reference": "Encounter/Fachabteilungskontakt"
  }
}
