{
  "resourceType": "Organization",
  "id": "KrankenhausOrganisationBeispiel",
  "meta": {
    "profile": [
      "https://gematik.de/fhir/isik/StructureDefinition/ISiKOrganisation"
    ]
  },
  "identifier": [
    {
      "system": "http://fhir.de/sid/arge-ik/iknr",
      "value": "260120196"
    },
    {
      "system": "https://fhir.kbv.de/NamingSystem/KBV_NS_Base_BSNR",
      "value": "345678975"
    },
    {
      "system": "https://gematik.de/fhir/sid/telematik-id",
      "value": "1234567890"
    }
  ],
  "name": "Uniklinik Entenhausen"
}
