{
  "resourceType": "Organization",
  "id": "AbteilungAllgemeinchirurgieOrganisationBeispiel",
  "meta": {
    "profile": [
      "https://gematik.de/fhir/isik/StructureDefinition/ISiKOrganisationFachabteilung"
    ]
  },
  "identifier": [
    {
      "type": {
        "coding": [
          {
            "code": "225746001",
            "system": "http://snomed.info/sct"
          }
        ]
      },
      "system": "https://fhir.krankenhaus.example/sid/OrgaID",
      "value": "123456"
    },
    {
      "system": "https://gematik.de/fhir/sid/telematik-id",
      "value": "1234567890"
    }
  ],
  "type": [
    {
      "coding": [
        {
          "code": "dept",
          "system": "http://terminology.hl7.org/CodeSystem/organization-type"
        }
      ]
    },
    {
      "coding": [
        {
          "code": "1500",
          "system": "http://fhir.de/CodeSystem/dkgev/Fachabteilungsschluessel-erweitert",
          "display": "Allgemeine Chirurgie"
        }
      ]
    }
  ],
  "name": "Allgemeinchirurgie",
  "partOf": {
    "reference": "Organization/KrankenhausOrganisationBeispiel"
  }
}
