{
  "resourceType": "RelatedPerson",
  "id": "ISiKAngehoerigerMustermann",
  "meta": {
    "profile": [
      "https://gematik.de/fhir/isik/StructureDefinition/ISiKAngehoeriger"
    ]
  },
  "patient": {
    "reference": "Patient/PatientinMusterfrau"
  },
  "name": [
    {
      "family": "Mustermann",
      "given": [
        "Maxine"
      ]
    }
  ],
  "address": [
    {
      "type": "both",
      "line": [
        "Milchstr. 42"
      ],
      "city": "Beispielstadt",
      "postalCode": "78143",
      "country": "DE"
    }
  ],
  "relationship": [
    {
      "coding": [
        {
          "code": "DAUC",
          "system": "http://terminology.hl7.org/CodeSystem/v3-RoleCode"
        }
      ]
    }
  ]
}
