{
  "resourceType": "SearchParameter",
  "id": "Encounter-date-start",
  "url": "https://gematik.de/fhir/isik/SearchParameter/Encounter-date-start",
  "description": "The actual start date of the Encounter (Backport from R5). The parameter cannot repeat or have multiple values.",
  "version": "4.0.0-rc3",
  "status": "draft",
  "experimental": false,
  "publisher": "gematik GmbH",
  "date": "2024-06-25",
  "name": "date-start",
  "code": "date-start",
  "base": [
    "Encounter"
  ],
  "type": "date",
  "expression": "Encounter.period.start",
  "comparator": [
    "eq",
    "ne",
    "gt",
    "ge",
    "lt",
    "le",
    "sa",
    "eb",
    "ap"
  ]
}
