{
  "resourceType": "StructureDefinition",
  "id": "ISiKRaucherStatus",
  "url": "https://gematik.de/fhir/isik/StructureDefinition/ISiKRaucherStatus",
  "version": "4.0.0-rc3",
  "name": "ISiKRaucherStatus",
  "title": "ISiK Raucherstatus",
  "status": "draft",
  "experimental": false,
  "date": "2024-06-25",
  "publisher": "gematik GmbH",
  "fhirVersion": "4.0.1",
  "kind": "resource",
  "abstract": false,
  "type": "Observation",
  "baseDefinition": "https://gematik.de/fhir/isik/StructureDefinition/ISiKLebensZustand",
  "derivation": "constraint",
  "differential": {
    "element": [
      {
        "id": "Observation.category",
        "path": "Observation.category",
        "patternCodeableConcept": {
          "coding": [
            {
              "code": "social-history",
              "system": "http://hl7.org/fhir/secondary-finding"
            }
          ]
        }
      },
      {
        "id": "Observation.code.coding:snomed-ct",
        "path": "Observation.code.coding",
        "sliceName": "snomed-ct",
        "patternCoding": {
          "code": "77176002",
          "system": "http://snomed.info/sct"
        }
      },
      {
        "id": "Observation.code.coding:loinc",
        "path": "Observation.code.coding",
        "sliceName": "loinc",
        "patternCoding": {
          "code": "72166-2",
          "system": "http://loinc.org"
        }
      },
      {
        "id": "Observation.value[x]",
        "path": "Observation.value[x]",
        "type": [
          {
            "code": "CodeableConcept"
          }
        ],
        "binding": {
          "strength": "required",
          "valueSet": "https://gematik.de/fhir/isik/ValueSet/current-smoking-status-uv-ips"
        }
      }
    ]
  }
}
