{
  "resourceType": "StructureDefinition",
  "id": "ISiKValueSet",
  "url": "https://gematik.de/fhir/isik/StructureDefinition/ISiKValueSet",
  "version": "4.0.0-rc3",
  "name": "ISiKValueSet",
  "status": "draft",
  "experimental": false,
  "date": "2024-06-25",
  "publisher": "gematik GmbH",
  "description": "Dieses Profil beschreibt die maschinenlesbare Auswahl von Codes für die Kodierung spezifischer FHIR-Elemente in ISiK-Szenarien",
  "fhirVersion": "4.0.1",
  "kind": "resource",
  "abstract": false,
  "type": "ValueSet",
  "baseDefinition": "http://hl7.org/fhir/StructureDefinition/ValueSet",
  "derivation": "constraint",
  "differential": {
    "element": [
      {
        "id": "ValueSet.url",
        "path": "ValueSet.url",
        "min": 1,
        "mustSupport": true
      },
      {
        "id": "ValueSet.version",
        "path": "ValueSet.version",
        "min": 1,
        "mustSupport": true
      },
      {
        "id": "ValueSet.name",
        "path": "ValueSet.name",
        "min": 1,
        "mustSupport": true
      },
      {
        "id": "ValueSet.status",
        "path": "ValueSet.status",
        "mustSupport": true
      },
      {
        "id": "ValueSet.useContext",
        "path": "ValueSet.useContext",
        "min": 1,
        "mustSupport": true
      },
      {
        "id": "ValueSet.useContext.code",
        "path": "ValueSet.useContext.code",
        "patternCoding": {
          "code": "focus",
          "system": "http://terminology.hl7.org/CodeSystem/usage-context-type"
        }
      },
      {
        "id": "ValueSet.useContext.value[x]",
        "path": "ValueSet.useContext.value[x]",
        "type": [
          {
            "code": "CodeableConcept"
          }
        ],
        "binding": {
          "strength": "required",
          "valueSet": "http://hl7.org/fhir/ValueSet/resource-types",
          "description": "One of the resource types defined as part of this version of FHIR."
        }
      },
      {
        "id": "ValueSet.expansion",
        "path": "ValueSet.expansion",
        "min": 1,
        "mustSupport": true
      },
      {
        "id": "ValueSet.expansion.timestamp",
        "path": "ValueSet.expansion.timestamp",
        "mustSupport": true
      },
      {
        "id": "ValueSet.expansion.contains",
        "path": "ValueSet.expansion.contains",
        "min": 1,
        "mustSupport": true
      },
      {
        "id": "ValueSet.expansion.contains.system",
        "path": "ValueSet.expansion.contains.system",
        "min": 1,
        "mustSupport": true
      },
      {
        "id": "ValueSet.expansion.contains.version",
        "path": "ValueSet.expansion.contains.version",
        "min": 1,
        "mustSupport": true
      },
      {
        "id": "ValueSet.expansion.contains.code",
        "path": "ValueSet.expansion.contains.code",
        "min": 1,
        "mustSupport": true
      },
      {
        "id": "ValueSet.expansion.contains.display",
        "path": "ValueSet.expansion.contains.display",
        "min": 1,
        "mustSupport": true
      }
    ]
  }
}
