{
  "resourceType": "StructureDefinition",
  "id": "ISiKSchwangerschaftErwarteterEntbindungstermin",
  "url": "https://gematik.de/fhir/isik/StructureDefinition/ISiKSchwangerschaftErwarteterEntbindungstermin",
  "version": "4.0.0-rc3",
  "name": "ISiKSchwangerschaftErwarteterEntbindungstermin",
  "title": "ISiK Schwangerschaft - Erwarteter Entbindungstermin",
  "status": "draft",
  "experimental": false,
  "date": "2024-06-25",
  "publisher": "gematik GmbH",
  "fhirVersion": "4.0.1",
  "kind": "resource",
  "abstract": false,
  "type": "Observation",
  "baseDefinition": "https://gematik.de/fhir/isik/StructureDefinition/ISiKLebensZustand",
  "derivation": "constraint",
  "differential": {
    "element": [
      {
        "id": "Observation.code",
        "path": "Observation.code",
        "binding": {
          "strength": "required",
          "valueSet": "https://gematik.de/fhir/isik/ValueSet/SchwangerschaftEtMethodeVS"
        }
      },
      {
        "id": "Observation.value[x]",
        "path": "Observation.value[x]",
        "comment": "Motivation: Eine Observation MUSS immer einen Wert enthalten",
        "type": [
          {
            "code": "dateTime"
          }
        ]
      }
    ]
  }
}
