{
  "resourceType": "StructureDefinition",
  "id": "ISiKSnomedCTCoding",
  "url": "https://gematik.de/fhir/isik/StructureDefinition/ISiKSnomedCTCoding",
  "name": "ISiKSnomedCTCoding",
  "title": "ISiKSnomedCTCoding",
  "status": "draft",
  "description": "Data Type profile for Snomed-CT Codings in ISiK",
  "fhirVersion": "4.0.1",
  "kind": "complex-type",
  "abstract": false,
  "type": "Coding",
  "baseDefinition": "https://gematik.de/fhir/isik/StructureDefinition/ISiKCoding",
  "derivation": "constraint",
  "differential": {
    "element": [
      {
        "id": "Coding.system",
        "path": "Coding.system",
        "patternUri": "http://snomed.info/sct"
      },
      {
        "id": "Coding.version",
        "path": "Coding.version",
        "constraint": [
          {
            "key": "sct-version-de",
            "severity": "error",
            "human": "Die SnomedCT-Version muss einer deutschen Edition entsprechen",
            "expression": "startsWith('http://snomed.info/sct/11000274103')",
            "source": "https://gematik.de/fhir/isik/StructureDefinition/ISiKSnomedCTCoding"
          }
        ],
        "mustSupport": true
      }
    ]
  }
}
