{
  "resourceType": "StructureDefinition",
  "id": "ISiKLoincCoding",
  "url": "https://gematik.de/fhir/isik/StructureDefinition/ISiKLoincCoding",
  "name": "ISiKLoincCoding",
  "title": "ISiKLoincCoding",
  "status": "draft",
  "description": "Data Type profile for LOINC Codings in ISiK",
  "fhirVersion": "4.0.1",
  "kind": "complex-type",
  "abstract": false,
  "type": "Coding",
  "baseDefinition": "https://gematik.de/fhir/isik/StructureDefinition/ISiKCoding",
  "derivation": "constraint",
  "differential": {
    "element": [
      {
        "id": "Coding.system",
        "path": "Coding.system",
        "patternUri": "http://loinc.org"
      },
      {
        "id": "Coding.version",
        "path": "Coding.version",
        "mustSupport": true
      }
    ]
  }
}
