{
  "resourceType": "StructureDefinition",
  "id": "ISiKStillstatus",
  "url": "https://gematik.de/fhir/isik/StructureDefinition/ISiKStillstatus",
  "version": "4.0.0-rc3",
  "name": "ISiKStillstatus",
  "title": "ISiKStillstatus",
  "status": "draft",
  "experimental": false,
  "date": "2024-06-25",
  "publisher": "gematik GmbH",
  "description": "Profil zur Abbildung ob gestillt/Muttermilch abgepumpt und gefüttert wird",
  "fhirVersion": "4.0.1",
  "kind": "resource",
  "abstract": false,
  "type": "Observation",
  "baseDefinition": "https://gematik.de/fhir/isik/StructureDefinition/ISiKLebensZustand",
  "derivation": "constraint",
  "differential": {
    "element": [
      {
        "id": "Observation.code.coding:snomed-ct",
        "path": "Observation.code.coding",
        "sliceName": "snomed-ct",
        "patternCoding": {
          "code": "413712001",
          "system": "http://snomed.info/sct"
        }
      },
      {
        "id": "Observation.code.coding:loinc",
        "path": "Observation.code.coding",
        "sliceName": "loinc",
        "patternCoding": {
          "code": "63895-7",
          "system": "http://loinc.org"
        }
      },
      {
        "id": "Observation.value[x]",
        "path": "Observation.value[x]",
        "type": [
          {
            "code": "CodeableConcept"
          }
        ],
        "binding": {
          "strength": "required",
          "valueSet": "https://gematik.de/fhir/isik/ValueSet/StillstatusVS"
        }
      }
    ]
  }
}
