{
  "resourceType": "StructureDefinition",
  "id": "ISiKATCCoding",
  "url": "https://gematik.de/fhir/isik/StructureDefinition/ISiKATCCoding",
  "name": "ISiKATCCoding",
  "title": "ISiKATCCoding",
  "status": "draft",
  "description": "Data Type profile for ATC Codings in ISiK",
  "fhirVersion": "4.0.1",
  "kind": "complex-type",
  "abstract": false,
  "type": "Coding",
  "baseDefinition": "http://fhir.de/StructureDefinition/CodingATC",
  "derivation": "constraint",
  "differential": {
    "element": [
      {
        "id": "Coding.system",
        "path": "Coding.system",
        "mustSupport": true
      },
      {
        "id": "Coding.code",
        "path": "Coding.code",
        "mustSupport": true
      },
      {
        "id": "Coding.display",
        "path": "Coding.display",
        "mustSupport": true
      }
    ]
  }
}
