{
  "resourceType": "StructureDefinition",
  "id": "ISiKSchwangerschaftsstatus",
  "url": "https://gematik.de/fhir/isik/StructureDefinition/ISiKSchwangerschaftsstatus",
  "name": "ISiKSchwangerschaftsstatus",
  "title": "ISiK Schwangerschaftsstatus",
  "status": "draft",
  "description": "Schwangerschaftsstatus einer Patientin",
  "fhirVersion": "4.0.1",
  "kind": "resource",
  "abstract": false,
  "type": "Observation",
  "baseDefinition": "https://gematik.de/fhir/isik/StructureDefinition/ISiKLebensZustand",
  "derivation": "constraint",
  "differential": {
    "element": [
      {
        "id": "Observation.code",
        "path": "Observation.code",
        "patternCodeableConcept": {
          "coding": [
            {
              "code": "82810-3",
              "system": "http://loinc.org"
            }
          ]
        }
      },
      {
        "id": "Observation.value[x]",
        "path": "Observation.value[x]",
        "slicing": {
          "discriminator": [
            {
              "type": "type",
              "path": "$this"
            }
          ],
          "ordered": false,
          "rules": "open"
        }
      },
      {
        "id": "Observation.value[x]:valueCodeableConcept",
        "path": "Observation.value[x]",
        "sliceName": "valueCodeableConcept",
        "comment": "Motivation: Harmonisierung mit KBV (KBV_PR_Base_RelatedPerson)",
        "min": 1,
        "max": "1",
        "type": [
          {
            "code": "CodeableConcept"
          }
        ],
        "mustSupport": true,
        "binding": {
          "strength": "required",
          "valueSet": "https://gematik.de/fhir/isik/ValueSet/SchwangerschaftsstatusVS"
        }
      },
      {
        "id": "Observation.hasMember",
        "path": "Observation.hasMember",
        "short": "Erwartetes Geburtsdatum",
        "definition": "Eine Referenz auf die ErwartetesGeburtsdatum Observation",
        "max": "1",
        "type": [
          {
            "code": "Reference",
            "targetProfile": [
              "https://gematik.de/fhir/isik/StructureDefinition/ISiKSchwangerschaftErwarteterEntbindungstermin"
            ]
          }
        ],
        "mustSupport": true
      },
      {
        "id": "Observation.hasMember.reference",
        "path": "Observation.hasMember.reference",
        "min": 1,
        "mustSupport": true
      }
    ]
  }
}
