{
  "resourceType": "StructureDefinition",
  "id": "ExtensionISiKRehaEntlassung",
  "url": "https://gematik.de/fhir/isik/StructureDefinition/ExtensionISiKRehaEntlassung",
  "version": "4.0.0-rc3",
  "name": "ExtensionISiKRehaEntlassung",
  "status": "draft",
  "experimental": false,
  "date": "2024-06-25",
  "publisher": "gematik GmbH",
  "description": "Extension zur Dokumentation von Informationen nach §301 (4 und 4a) SGB V, entsprechend dem ärztliche Reha-Entlassungsbericht",
  "fhirVersion": "4.0.1",
  "kind": "complex-type",
  "abstract": false,
  "context": [
    {
      "expression": "Encounter.hospitalization.dischargeDisposition",
      "type": "element"
    }
  ],
  "type": "Extension",
  "baseDefinition": "http://hl7.org/fhir/StructureDefinition/Extension",
  "derivation": "constraint",
  "differential": {
    "element": [
      {
        "id": "Extension.extension:Entlassform",
        "path": "Extension.extension",
        "sliceName": "Entlassform",
        "min": 0,
        "max": "1",
        "mustSupport": true
      },
      {
        "id": "Extension.extension:Entlassform.extension",
        "path": "Extension.extension.extension",
        "max": "0"
      },
      {
        "id": "Extension.extension:Entlassform.url",
        "path": "Extension.extension.url",
        "fixedUri": "Entlassform"
      },
      {
        "id": "Extension.extension:Entlassform.value[x]",
        "path": "Extension.extension.value[x]",
        "type": [
          {
            "code": "Coding"
          }
        ],
        "binding": {
          "strength": "extensible",
          "valueSet": "https://gematik.de/fhir/isik/ValueSet/ISiKEntlassformReha"
        }
      },
      {
        "id": "Extension.extension:BesondereBehandlung",
        "path": "Extension.extension",
        "sliceName": "BesondereBehandlung",
        "min": 0,
        "max": "1",
        "mustSupport": true
      },
      {
        "id": "Extension.extension:BesondereBehandlung.extension",
        "path": "Extension.extension.extension",
        "max": "0"
      },
      {
        "id": "Extension.extension:BesondereBehandlung.url",
        "path": "Extension.extension.url",
        "fixedUri": "BesondereBehandlung"
      },
      {
        "id": "Extension.extension:BesondereBehandlung.value[x]",
        "path": "Extension.extension.value[x]",
        "type": [
          {
            "code": "Coding"
          }
        ],
        "binding": {
          "strength": "required",
          "valueSet": "https://gematik.de/fhir/isik/ValueSet/ISiKBesondereBehandlungsformReha"
        }
      },
      {
        "id": "Extension.extension:BehandlungsergebnisReha",
        "path": "Extension.extension",
        "sliceName": "BehandlungsergebnisReha",
        "min": 0,
        "max": "1",
        "mustSupport": true
      },
      {
        "id": "Extension.extension:BehandlungsergebnisReha.extension",
        "path": "Extension.extension.extension",
        "max": "0"
      },
      {
        "id": "Extension.extension:BehandlungsergebnisReha.url",
        "path": "Extension.extension.url",
        "fixedUri": "BehandlungsergebnisReha"
      },
      {
        "id": "Extension.extension:BehandlungsergebnisReha.value[x]",
        "path": "Extension.extension.value[x]",
        "type": [
          {
            "code": "Coding"
          }
        ],
        "binding": {
          "strength": "required",
          "valueSet": "https://gematik.de/fhir/isik/ValueSet/ISiKBehandlungsergebnisReha"
        }
      },
      {
        "id": "Extension.extension:UnterbrechnungReha",
        "path": "Extension.extension",
        "sliceName": "UnterbrechnungReha",
        "min": 0,
        "max": "1",
        "mustSupport": true
      },
      {
        "id": "Extension.extension:UnterbrechnungReha.extension",
        "path": "Extension.extension.extension",
        "max": "0"
      },
      {
        "id": "Extension.extension:UnterbrechnungReha.url",
        "path": "Extension.extension.url",
        "fixedUri": "UnterbrechnungReha"
      },
      {
        "id": "Extension.extension:UnterbrechnungReha.value[x]",
        "path": "Extension.extension.value[x]",
        "type": [
          {
            "code": "Coding"
          }
        ],
        "binding": {
          "strength": "required",
          "valueSet": "https://gematik.de/fhir/isik/ValueSet/ISiKUnterbrechnungReha"
        }
      },
      {
        "id": "Extension.url",
        "path": "Extension.url",
        "fixedUri": "https://gematik.de/fhir/isik/StructureDefinition/ExtensionISiKRehaEntlassung"
      },
      {
        "id": "Extension.value[x]",
        "path": "Extension.value[x]",
        "max": "0"
      }
    ]
  }
}
