{
  "resourceType": "StructureDefinition",
  "id": "ISiKStandortBettenstellplatz",
  "url": "https://gematik.de/fhir/isik/StructureDefinition/ISiKStandortBettenstellplatz",
  "name": "ISiKStandortBettenstellplatz",
  "status": "draft",
  "description": "Dieses Profil dient der strukturierten Erfassung von Bettenstellplätzen (als Standorten) eines Krankenhauses",
  "fhirVersion": "4.0.1",
  "kind": "resource",
  "abstract": false,
  "type": "Location",
  "baseDefinition": "https://gematik.de/fhir/isik/StructureDefinition/ISiKStandort",
  "derivation": "constraint",
  "differential": {
    "element": [
      {
        "id": "Location.operationalStatus",
        "path": "Location.operationalStatus",
        "comment": "Motivation: Entsprechend der Bedarfsmeldung im Rahmen der AG zur Ausbaustufe 4 muss ein System den Belegungsstatus eines Bettenstellplatz zum Abruf bereitstellen, sofern diese Information verfügbar ist. Dies dient z.B. der Markierung als 'Isoliert'. Im Sinne der Interoperabilität ist das ValueSet verpflichtend.",
        "mustSupport": true,
        "binding": {
          "strength": "required",
          "valueSet": "http://terminology.hl7.org/CodeSystem/v2-0116"
        }
      },
      {
        "id": "Location.physicalType",
        "path": "Location.physicalType",
        "patternCodeableConcept": {
          "coding": [
            {
              "code": "bd",
              "system": "http://terminology.hl7.org/CodeSystem/location-physical-type",
              "display": "Bed"
            }
          ]
        }
      }
    ]
  }
}
