{
  "resourceType": "ValueSet",
  "status": "draft",
  "name": "SchwangerschaftEtMethodeVS",
  "id": "SchwangerschaftEtMethodeVS",
  "title": "Schwangerschaft Erwarteter Entbindungstermin Methode",
  "url": "https://gematik.de/fhir/isik/ValueSet/SchwangerschaftEtMethodeVS",
  "version": "4.0.0-rc3",
  "experimental": false,
  "publisher": "gematik GmbH",
  "date": "2024-06-25",
  "compose": {
    "include": [
      {
        "system": "http://loinc.org",
        "concept": [
          {
            "code": "11778-8",
            "display": "Delivery date Estimated"
          },
          {
            "code": "53692-0",
            "display": "Delivery date Estimated from conception date"
          },
          {
            "code": "11780-4",
            "display": "Delivery date Estimated from ovulation date"
          },
          {
            "code": "57063-0",
            "display": "Delivery date Estimated from quickening date"
          },
          {
            "code": "11779-6",
            "display": "Delivery date Estimated from last menstrual period"
          },
          {
            "code": "11781-2",
            "display": "Delivery date US composite estimate"
          },
          {
            "code": "57064-8",
            "display": "Delivery date Estimated from date fundal height reaches umb"
          },
          {
            "code": "90368-2",
            "display": "Delivery date Estimated from physical exam"
          }
        ]
      }
    ]
  }
}
