{
  "resourceType": "ValueSet",
  "status": "draft",
  "name": "ProzedurenCodesSCT",
  "id": "ProzedurenCodesSCT",
  "description": "Enthaelt alle SNOMED Procedure Codes",
  "url": "https://gematik.de/fhir/isik/ValueSet/ProzedurenCodesSCT",
  "version": "4.0.0-rc3",
  "experimental": false,
  "publisher": "gematik GmbH",
  "date": "2024-06-25",
  "compose": {
    "include": [
      {
        "system": "http://snomed.info/sct",
        "filter": [
          {
            "property": "concept",
            "op": "descendent-of",
            "value": "71388002"
          }
        ]
      }
    ]
  }
}
