{
  "resourceType": "ValueSet",
  "status": "active",
  "name": "CurrentSmokingStatusUvIps",
  "id": "current-smoking-status-uv-ips",
  "title": "Current Smoking Status - IPS",
  "description": "HL7 LOINC value set for smoking status.  Based on the HL7 Vocab and Structured Doc WG (formerly TC) consensus - per US CDC submission 7/12/2012 for smoking status terms.",
  "url": "https://gematik.de/fhir/isik/ValueSet/current-smoking-status-uv-ips",
  "meta": {
    "profile": [
      "http://hl7.org/fhir/StructureDefinition/shareablevalueset"
    ]
  },
  "extension": [
    {
      "url": "http://hl7.org/fhir/StructureDefinition/structuredefinition-wg",
      "valueCode": "pc"
    },
    {
      "url": "http://hl7.org/fhir/StructureDefinition/structuredefinition-fmm",
      "valueInteger": 2,
      "_valueInteger": {
        "extension": [
          {
            "url": "http://hl7.org/fhir/StructureDefinition/structuredefinition-conformance-derivedFrom",
            "valueCanonical": "http://hl7.org/fhir/uv/ips/ImplementationGuide/ig-uv-ips"
          }
        ]
      }
    },
    {
      "url": "http://hl7.org/fhir/StructureDefinition/structuredefinition-standards-status",
      "valueCode": "trial-use",
      "_valueCode": {
        "extension": [
          {
            "url": "http://hl7.org/fhir/StructureDefinition/structuredefinition-conformance-derivedFrom",
            "valueCanonical": "http://hl7.org/fhir/uv/ips/ImplementationGuide/ig-uv-ips"
          }
        ]
      }
    }
  ],
  "identifier": [
    {
      "use": "official",
      "system": "http://art-decor.org/ns/oids/vs",
      "value": "2.16.840.1.113883.11.22.59"
    }
  ],
  "version": "1.1.0",
  "experimental": false,
  "publisher": "HL7 International / Patient Care",
  "contact": [
    {
      "telecom": [
        {
          "system": "url",
          "value": "http://www.hl7.org/Special/committees/patientcare"
        }
      ]
    }
  ],
  "jurisdiction": [
    {
      "coding": [
        {
          "code": "001",
          "system": "http://unstats.un.org/unsd/methods/m49/m49.htm"
        }
      ]
    }
  ],
  "immutable": false,
  "copyright": "This material contains content from LOINC (http://loinc.org). LOINC is copyright © 1995-2020, Regenstrief Institute, Inc. and the Logical Observation Identifiers Names and Codes (LOINC) Committee and is available at no cost under the license at http://loinc.org/license. LOINC® is a registered United States trademark of Regenstrief Institute, Inc",
  "compose": {
    "include": [
      {
        "system": "http://loinc.org",
        "concept": [
          {
            "code": "LA18976-3",
            "display": "Current every day smoker",
            "extension": [
              {
                "url": "http://hl7.org/fhir/StructureDefinition/ordinalValue",
                "valueDecimal": 1
              }
            ]
          },
          {
            "code": "LA18977-1",
            "display": "Current some day smoker",
            "extension": [
              {
                "url": "http://hl7.org/fhir/StructureDefinition/ordinalValue",
                "valueDecimal": 2
              }
            ]
          },
          {
            "code": "LA15920-4",
            "display": "Former smoker",
            "extension": [
              {
                "url": "http://hl7.org/fhir/StructureDefinition/ordinalValue",
                "valueDecimal": 3
              }
            ]
          },
          {
            "code": "LA18978-9",
            "display": "Never smoker",
            "extension": [
              {
                "url": "http://hl7.org/fhir/StructureDefinition/ordinalValue",
                "valueDecimal": 4
              }
            ]
          },
          {
            "code": "LA18979-7",
            "display": "Smoker, current status unknown",
            "extension": [
              {
                "url": "http://hl7.org/fhir/StructureDefinition/ordinalValue",
                "valueDecimal": 5
              }
            ]
          },
          {
            "code": "LA18980-5",
            "display": "Unknown if ever smoked",
            "extension": [
              {
                "url": "http://hl7.org/fhir/StructureDefinition/ordinalValue",
                "valueDecimal": 6
              }
            ]
          },
          {
            "code": "LA18981-3",
            "display": "Heavy tobacco smoker",
            "extension": [
              {
                "url": "http://hl7.org/fhir/StructureDefinition/ordinalValue",
                "valueDecimal": 7
              }
            ]
          },
          {
            "code": "LA18982-1",
            "display": "Light tobacco smoker",
            "extension": [
              {
                "url": "http://hl7.org/fhir/StructureDefinition/ordinalValue",
                "valueDecimal": 8
              }
            ]
          }
        ]
      }
    ]
  }
}
