{
  "resourceType": "ValueSet",
  "status": "draft",
  "name": "FhirMimeTypeVS",
  "id": "FhirMimeTypeVS",
  "title": "FhirMimeTypeVS",
  "description": "FHIR Mime Types",
  "url": "https://gematik.de/fhir/isik/ValueSet/FhirMimeTypeVS",
  "compose": {
    "include": [
      {
        "system": "urn:ietf:bcp:13",
        "concept": [
          {
            "code": "application/fhir+json"
          },
          {
            "code": "application/fhir+xml"
          }
        ]
      }
    ]
  }
}
