{
  "resourceType": "ValueSet",
  "status": "draft",
  "name": "DiagnosesSCT",
  "id": "DiagnosesSCT",
  "description": "Enthaelt alle SNOMED Clinical finding, Event und Situation with explicit context codes",
  "url": "https://gematik.de/fhir/isik/ValueSet/DiagnosesSCT",
  "version": "4.0.0-rc3",
  "experimental": false,
  "publisher": "gematik GmbH",
  "date": "2024-06-25",
  "compose": {
    "include": [
      {
        "system": "http://snomed.info/sct",
        "filter": [
          {
            "property": "concept",
            "op": "is-a",
            "value": "404684003"
          }
        ]
      },
      {
        "system": "http://snomed.info/sct",
        "filter": [
          {
            "property": "concept",
            "op": "is-a",
            "value": "272379006"
          }
        ]
      },
      {
        "system": "http://snomed.info/sct",
        "filter": [
          {
            "property": "concept",
            "op": "is-a",
            "value": "243796009"
          }
        ]
      }
    ]
  }
}
