{
  "resourceType": "ValueSet",
  "status": "draft",
  "name": "StillstatusVS",
  "id": "StillstatusVS",
  "title": "Stillstatus LOINC Antwortoptionen",
  "description": "Dieses Valueset enthält die Codes zur Beschreibung von Stillstatus LOINC.",
  "url": "https://gematik.de/fhir/isik/ValueSet/StillstatusVS",
  "version": "4.0.0-rc3",
  "experimental": false,
  "publisher": "gematik GmbH",
  "date": "2024-06-25",
  "compose": {
    "include": [
      {
        "system": "http://loinc.org",
        "concept": [
          {
            "code": "LA4489-6",
            "display": "Unknown"
          },
          {
            "code": "LA29253-4",
            "display": "Not currently breastfeeding"
          },
          {
            "code": "LA29252-6",
            "display": "Currently breastfeeding"
          }
        ]
      }
    ]
  }
}
