{
  "resourceType": "ValueSet",
  "status": "draft",
  "name": "ISiKUnterbrechnungReha",
  "id": "ISiKUnterbrechnungReha",
  "description": "ISiK Unterbrechung Reha. Dokumentiert die relevanten Gründe einer Unterbrechung einer Rehabilitationsmaßnahme im Einzelfall. Vgl. Schlüsseltabelle 2.111 Erläuterung zur Unterbrechung.",
  "url": "https://gematik.de/fhir/isik/ValueSet/ISiKUnterbrechnungReha",
  "version": "4.0.0-rc3",
  "experimental": false,
  "publisher": "gematik GmbH",
  "date": "2024-06-25",
  "compose": {
    "include": [
      {
        "system": "https://gematik.de/fhir/isik/CodeSystem/ISiKUnterbrechnungRehaCS"
      }
    ]
  }
}
