{
  "resourceType": "ValueSet",
  "status": "draft",
  "name": "ISiKAccountType",
  "id": "ISiKAccountType",
  "title": "ISiKAccountType",
  "url": "https://gematik.de/fhir/isik/ValueSet/ISiKAccountType",
  "version": "4.0.0-rc3",
  "experimental": false,
  "publisher": "gematik GmbH",
  "date": "2024-06-25",
  "compose": {
    "include": [
      {
        "system": "http://terminology.hl7.org/CodeSystem/v3-ActCode",
        "concept": [
          {
            "code": "AMB",
            "display": "ambulatory"
          },
          {
            "code": "IMP",
            "display": "inpatient encounter"
          }
        ]
      }
    ]
  }
}
