{
  "resourceType": "ValueSet",
  "status": "draft",
  "name": "ISiKBehandlungsergebnisReha",
  "id": "ISiKBehandlungsergebnisReha",
  "description": "Behandlungsergebnis Reha gemäß §301(4 UND 4A) SGB V. Diagnosenbezogene Bewertung des Behandlungsergebnisses für einen Versicherten/Berechtigten bei Entlassung aus der Reha-Maßnahme bzw. Stellung eines Antrags auf Verlängerung. Vgl. Schlüsseltabelle 2.71 Diagnose - Behandlungsergebnis.",
  "url": "https://gematik.de/fhir/isik/ValueSet/ISiKBehandlungsergebnisReha",
  "version": "4.0.0-rc3",
  "experimental": false,
  "publisher": "gematik GmbH",
  "date": "2024-06-25",
  "compose": {
    "include": [
      {
        "system": "https://gematik.de/fhir/isik/CodeSystem/ISiKBehandlungsergebnisRehaCS"
      }
    ]
  }
}
