{
  "resourceType": "ValueSet",
  "status": "draft",
  "name": "ProzedurenKategorieSCT",
  "id": "ProzedurenKategorieSCT",
  "description": "Enthaelt alle SNOMED Codes für ein Mapping der OPS Klassentitel",
  "url": "https://gematik.de/fhir/isik/ValueSet/ProzedurenKategorieSCT",
  "version": "4.0.0-rc3",
  "experimental": false,
  "publisher": "gematik GmbH",
  "date": "2024-06-25",
  "compose": {
    "include": [
      {
        "system": "http://snomed.info/sct",
        "concept": [
          {
            "code": "165197003",
            "display": "Diagnostic assessment"
          },
          {
            "code": "363679005",
            "display": "Imaging"
          },
          {
            "code": "387713003",
            "display": "Surgical procedure"
          },
          {
            "code": "18629005",
            "display": "Administration of medicine"
          },
          {
            "code": "277132007",
            "display": "Therapeutic procedure"
          },
          {
            "code": "394841004",
            "display": "Other category"
          }
        ]
      }
    ]
  }
}
