{
  "resourceType": "ValueSet",
  "status": "draft",
  "name": "ISiKBesondereBehandlungsformReha",
  "id": "ISiKBesondereBehandlungsformReha",
  "description": "Besondere Behandlungsform der Reha gemäß §301(4 UND 4A) SGB V. Vgl. Schlüsseltabelle 2.51 Besondere Behandlungsformen.",
  "url": "https://gematik.de/fhir/isik/ValueSet/ISiKBesondereBehandlungsformReha",
  "version": "4.0.0-rc3",
  "experimental": false,
  "publisher": "gematik GmbH",
  "date": "2024-06-25",
  "compose": {
    "include": [
      {
        "system": "https://gematik.de/fhir/isik/CodeSystem/ISiKBesondereBehandlungsformRehaCS"
      }
    ]
  }
}
