{
  "resourceType": "ValueSet",
  "status": "draft",
  "name": "SchwangerschaftsstatusVS",
  "id": "SchwangerschaftsstatusVS",
  "title": "Schwangerschaftsstatus Valueset",
  "url": "https://gematik.de/fhir/isik/ValueSet/SchwangerschaftsstatusVS",
  "version": "4.0.0-rc3",
  "experimental": false,
  "publisher": "gematik GmbH",
  "date": "2024-06-25",
  "compose": {
    "include": [
      {
        "system": "http://loinc.org",
        "concept": [
          {
            "code": "LA15173-0",
            "display": "Pregnant"
          },
          {
            "code": "LA26683-5",
            "display": "Not pregnant"
          },
          {
            "code": "LA4489-6",
            "display": "Unknown"
          }
        ]
      }
    ]
  }
}
