{
  "resourceType": "ValueSet",
  "status": "draft",
  "name": "ISiKEntlassformReha",
  "id": "ISiKEntlassformReha",
  "description": "ISiK Entlassform Reha. Beschreibt Form und ggf. Weiterbehandlung der Entlassung eines Versicherten/Berechtigten aus verwaltungs- und medizinischer Sicht. Vgl. Schlüsseltabelle 2.107 Entlassungsform.",
  "url": "https://gematik.de/fhir/isik/ValueSet/ISiKEntlassformReha",
  "version": "4.0.0-rc3",
  "experimental": false,
  "publisher": "gematik GmbH",
  "date": "2024-06-25",
  "compose": {
    "include": [
      {
        "system": "https://gematik.de/fhir/isik/CodeSystem/ISiKEntlassformRehaCS"
      }
    ]
  }
}
