"Id","Path","Slice Name","Alias(s)","Label","Min","Max","Must Support?","Is Modifier?","Is Summary?","Type(s)","Short","Definition","Comments","Requirements","Default Value","Meaning When Missing","Fixed Value","Pattern","Example","Minimum Value","Maximum Value","Maximum Length","Binding Strength","Binding Description","Binding Value Set","Code","Slicing Discriminator","Slicing Description","Slicing Ordered","Slicing Rules","Base Path","Base Min","Base Max","Condition(s)","Constraint(s)","Mapping: Workflow Pattern","Mapping: RIM Mapping","Mapping: FiveWs Pattern Mapping","Mapping: HL7 v2 Mapping"
"Procedure","Procedure","","","",0,*,"","","","null {[]} {[]}
","An action that is being or was performed on a patient","An action that is or was performed on or for a patient. This can be a physical intervention like an operation, or less invasive like long term services, counseling, or hypnotherapy.","","","","","","","","","",,,,,"",,,,"Procedure",0,*,"","dom-2:If the resource is contained in another resource, it SHALL NOT contain nested Resources {contained.contained.empty()}
dom-3:If the resource is contained in another resource, it SHALL be referred to from elsewhere in the resource or SHALL refer to the containing resource {contained.where((('#'+id in (%resource.descendants().reference | %resource.descendants().as(canonical) | %resource.descendants().as(uri) | %resource.descendants().as(url))) or descendants().where(reference = '#').exists() or descendants().where(as(canonical) = '#').exists() or descendants().where(as(canonical) = '#').exists()).not()).trace('unmatched', id).empty()}dom-4:If a resource is contained in another resource, it SHALL NOT have a meta.versionId or a meta.lastUpdated {contained.meta.versionId.empty() and contained.meta.lastUpdated.empty()}dom-5:If a resource is contained in another resource, it SHALL NOT have a security label {contained.meta.security.empty()}dom-6:A resource should have narrative for robust management {text.`div`.exists()}proc-ISiK-1:Falls die Prozedur per OPS kodiert wird, MUSS eine SNOMED-CT kodierte Category abgebildet werden {code.coding.where(system = 'http://fhir.de/CodeSystem/bfarm/ops').exists() implies category.coding.where(system = 'http://snomed.info/sct').exists()}proc-ISiK-2:Falls eine codierte Prozedur vorliegt MUSS eine kodierte Category abgebildet werden {code.coding.exists() implies category.coding.exists()}","Event","Entity. Role, or Act","Procedure[moodCode=EVN]"
"Procedure.id","Procedure.id","","","",0,1,"Y","","Y","id {[]} {[]}
","serverseitige, interne ID des Datensatzes","The logical id of the resource, as used in the URL for the resource. Once assigned, this value never changes.","**bedingtes Pflichtfeld/bedingtes MS:** Alle von einem Server bereitgestellten Ressourcen MÜSSEN über eine `id` verfügen.
  Von Clients erzeugte Ressourcen, die im Kontext einer CREATE-Interaktion übermittelt werden, MÜSSEN NICHT über eine `id`verfügen. ","","","","","","","","",,,,,"",,,,"Resource.id",0,1,"",""
"Procedure.meta","Procedure.meta","","","",0,1,"","","Y","Meta {[]} {[]}
","Metadata about the resource","The metadata about the resource. This is content that is maintained by the infrastructure. Changes to the content might not always be associated with version changes to the resource.","","","","","","","","","",,,,,"",,,,"Resource.meta",0,1,"","ele-1:All FHIR elements must have a @value or children {hasValue() or (children().count() > id.count())}
"
"Procedure.meta.id","Procedure.meta.id","","","",0,1,"","","","string {[]} {[]}
","Unique id for inter-element referencing","Unique id for the element within a resource (for internal references). This may be any string value that does not contain spaces.","","","","","","","","","",,,,,"",,,,"Element.id",0,1,"","","n/a"
"Procedure.meta.extension","Procedure.meta.extension","","extensions
user content","",0,*,"","","","Extension {[]} {[]}
","Additional content defined by implementations","May be used to represent additional information that is not part of the basic definition of the element. To make the use of extensions safe and manageable, there is a strict set of governance  applied to the definition and use of extensions. Though any implementer can define an extension, there is a set of requirements that SHALL be met as part of the definition of the extension.","There can be no stigma associated with the use of extensions by any application, project, or standard - regardless of the institution or jurisdiction that uses or defines the extensions.  The use of extensions is what allows the FHIR specification to retain a core level of simplicity for everyone.","","","","","","","","",,,,,"","value:url}
","Extensions are always sliced by (at least) url",,"open","Element.extension",0,*,"","ele-1:All FHIR elements must have a @value or children {hasValue() or (children().count() > id.count())}
ext-1:Must have either extensions or value[x], not both {extension.exists() != value.exists()}","n/a"
"Procedure.meta.versionId","Procedure.meta.versionId","","","",0,1,"","","Y","id {[]} {[]}
","Eindeutiger Name der serverseitigen Version des Datensatzes","The version specific identifier, as it appears in the version portion of the URL. This value changes when the resource is created, updated, or deleted.","Alle von einem Server bereitgestellten Ressourcen SOLLEN über eine `versionID` verfügen.
  Von Clients erzeugte Ressourcen, die im Kontext einer CREATE-Interaktion übermittelt werden, MÜSSEN NICHT über eine `versionID`verfügen. ","","","","","","","","",,,,,"",,,,"Meta.versionId",0,1,"","ele-1:All FHIR elements must have a @value or children {hasValue() or (children().count() > id.count())}
"
"Procedure.meta.lastUpdated","Procedure.meta.lastUpdated","","","",0,1,"","","Y","instant {[]} {[]}
","Zeitpunkt der letzten Änderung","When the resource last changed - e.g. when the version changed.","Alle von einem Server bereitgestellten Ressourcen SOLLEN über ein `lastUpdate` verfügen.
  Von Clients erzeugte Ressourcen, die im Kontext einer CREATE-Interaktion übermittelt werden, MÜSSEN NICHT über ein `lastUpdate`verfügen. ","","","","","","","","",,,,,"",,,,"Meta.lastUpdated",0,1,"","ele-1:All FHIR elements must have a @value or children {hasValue() or (children().count() > id.count())}
"
"Procedure.meta.source","Procedure.meta.source","","","",0,1,"","","Y","uri {[]} {[]}
","Identifies where the resource comes from","A uri that identifies the source system of the resource. This provides a minimal amount of [Provenance](http://hl7.org/fhir/R4/provenance.html#) information that can be used to track or differentiate the source of information in the resource. The source may identify another FHIR server, document, message, database, etc.","In the provenance resource, this corresponds to Provenance.entity.what[x]. The exact use of the source (and the implied Provenance.entity.role) is left to implementer discretion. Only one nominated source is allowed; for additional provenance details, a full Provenance resource should be used. 

This element can be used to indicate where the current master source of a resource that has a canonical URL if the resource is no longer hosted at the canonical URL.","","","","","","","","",,,,,"",,,,"Meta.source",0,1,"","ele-1:All FHIR elements must have a @value or children {hasValue() or (children().count() > id.count())}
"
"Procedure.meta.profile","Procedure.meta.profile","","","",0,*,"","","Y","canonical {[]} {[CanonicalType[http://hl7.org/fhir/StructureDefinition/StructureDefinition|4.0.1]]}
","Profiles this resource claims to conform to","A list of profiles (references to [StructureDefinition](http://hl7.org/fhir/R4/structuredefinition.html#) resources) that this resource claims to conform to. The URL is a reference to [StructureDefinition.url](http://hl7.org/fhir/R4/structuredefinition-definitions.html#StructureDefinition.url).","It is up to the server and/or other infrastructure of policy to determine whether/how these claims are verified and/or updated over time.  The list of profile URLs is a set.","","","","","","","","",,,,,"",,,,"Meta.profile",0,*,"","ele-1:All FHIR elements must have a @value or children {hasValue() or (children().count() > id.count())}
"
"Procedure.meta.security","Procedure.meta.security","","","",0,*,"","","Y","Coding {[]} {[]}
","Security Labels applied to this resource","Security labels applied to this resource. These tags connect specific resources to the overall security policy and infrastructure.","The security labels can be updated without changing the stated version of the resource. The list of security labels is a set. Uniqueness is based the system/code, and version and display are ignored.","","","","","","","","",,"extensible","Security Labels from the Healthcare Privacy and Security Classification System.","http://hl7.org/fhir/ValueSet/security-labels|4.0.1","",,,,"Meta.security",0,*,"","ele-1:All FHIR elements must have a @value or children {hasValue() or (children().count() > id.count())}
"
"Procedure.meta.tag","Procedure.meta.tag","","","",0,*,"","","Y","Coding {[]} {[]}
","Tags applied to this resource","Tags applied to this resource. Tags are intended to be used to identify and relate resources to process and workflow, and applications are not required to consider the tags when interpreting the meaning of a resource.","The tags can be updated without changing the stated version of the resource. The list of tags is a set. Uniqueness is based the system/code, and version and display are ignored.","","","","","","","","",,"example","Codes that represent various types of tags, commonly workflow-related; e.g. ""Needs review by Dr. Jones"".","http://hl7.org/fhir/ValueSet/common-tags|4.0.1","",,,,"Meta.tag",0,*,"","ele-1:All FHIR elements must have a @value or children {hasValue() or (children().count() > id.count())}
"
"Procedure.implicitRules","Procedure.implicitRules","","","",0,1,"","Y","Y","uri {[]} {[]}
","A set of rules under which this content was created","A reference to a set of rules that were followed when the resource was constructed, and which must be understood when processing the content. Often, this is a reference to an implementation guide that defines the special rules along with other profiles etc.","Asserting this rule set restricts the content to be only understood by a limited set of trading partners. This inherently limits the usefulness of the data in the long term. However, the existing health eco-system is highly fractured, and not yet ready to define, collect, and exchange data in a generally computable sense. Wherever possible, implementers and/or specification writers should avoid using this element. Often, when used, the URL is a reference to an implementation guide that defines these special rules as part of it's narrative along with other profiles, value sets, etc.","","","","","","","","",,,,,"",,,,"Resource.implicitRules",0,1,"","ele-1:All FHIR elements must have a @value or children {hasValue() or (children().count() > id.count())}
"
"Procedure.language","Procedure.language","","","",0,1,"","","","code {[]} {[]}
","Language of the resource content","The base language in which the resource is written.","Language is provided to support indexing and accessibility (typically, services such as text to speech use the language tag). The html language tag in the narrative applies  to the narrative. The language tag on the resource may be used to specify the language of other presentations generated from the data in the resource. Not all the content has to be in the base language. The Resource.language should not be assumed to apply to the narrative automatically. If a language is specified, it should it also be specified on the div element in the html (see rules in HTML5 for information about the relationship between xml:lang and the html lang attribute).","","","","","","","","",,"preferred","A human language.","http://hl7.org/fhir/ValueSet/languages|4.0.1","",,,,"Resource.language",0,1,"","ele-1:All FHIR elements must have a @value or children {hasValue() or (children().count() > id.count())}
"
"Procedure.text","Procedure.text","","narrative
htmlxhtmldisplay","",0,1,"","","","Narrative {[]} {[]}
","Text summary of the resource, for human interpretation","A human-readable narrative that contains a summary of the resource and can be used to represent the content of the resource to a human. The narrative need not encode all the structured data, but is required to contain sufficient detail to make it ""clinically safe"" for a human to just read the narrative. Resource definitions may define what content should be represented in the narrative to ensure clinical safety.","Contained resources do not have narrative. Resources that are not contained SHOULD have a narrative. In some cases, a resource may only have text with little or no additional discrete data (as long as all minOccurs=1 elements are satisfied).  This may be necessary for data from legacy systems where information is captured as a ""text blob"" or where text is additionally entered raw or narrated and encoded information is added later.","","","","","","","","",,,,,"",,,,"DomainResource.text",0,1,"","ele-1:All FHIR elements must have a @value or children {hasValue() or (children().count() > id.count())}
","Act.text?"
"Procedure.contained","Procedure.contained","","inline resources
anonymous resourcescontained resources","",0,*,"","","","Resource {[]} {[]}
","Contained, inline Resources","These resources do not have an independent existence apart from the resource that contains them - they cannot be identified independently, and nor can they have their own independent transaction scope.","This should never be done when the content can be identified properly, as once identification is lost, it is extremely difficult (and context dependent) to restore it again. Contained resources may have profiles and tags In their meta elements, but SHALL NOT have security labels.","","","","","","","","",,,,,"",,,,"DomainResource.contained",0,*,"","","N/A"
"Procedure.extension","Procedure.extension","","","",0,*,"Y","","","Extension {[]} {[]}
","Extension","An Extension","","","","","","","","","",,,,,"","value:url}
","",,"open","DomainResource.extension",0,*,"","ele-1:All FHIR elements must have a @value or children {hasValue() or (children().count() > id.count())}
ext-1:Must have either extensions or value[x], not both {extension.exists() != value.exists()}"
"Procedure.extension:Dokumentationsdatum","Procedure.extension","Dokumentationsdatum","","",0,1,"Y","","","Extension {[CanonicalType[http://fhir.de/StructureDefinition/ProzedurDokumentationsdatum]]} {[]}
","Dokumentationsdatum","Dokumentationsdatum der Prozedur, falls abweichend vom Durchführungsdatum","Datum, an dem die Prozedur dokumentiert wurde.  
  Es handelt sich hierbei um das fachliche Dokumentationsdatum, nicht zu verwechseln mit dem Datum der technischen Anlage des Datensatzes im Primärsystem. 
  Diese beiden Daten *können* jedoch identisch sein.","","","","","","","","",,,,,"",,,,"DomainResource.extension",0,*,"ele-1
","ele-1:All FHIR elements must have a @value or children {hasValue() or (children().count() > id.count())}
ext-1:Must have either extensions or value[x], not both {extension.exists() != value.exists()}","n/a","N/A"
"Procedure.modifierExtension","Procedure.modifierExtension","","extensions
user content","",0,*,"","Y","","Extension {[]} {[]}
","Extensions that cannot be ignored","May be used to represent additional information that is not part of the basic definition of the resource and that modifies the understanding of the element that contains it and/or the understanding of the containing element's descendants. Usually modifier elements provide negation or qualification. To make the use of extensions safe and manageable, there is a strict set of governance applied to the definition and use of extensions. Though any implementer is allowed to define an extension, there is a set of requirements that SHALL be met as part of the definition of the extension. Applications processing a resource are required to check for modifier extensions.

Modifier extensions SHALL NOT change the meaning of any elements on Resource or DomainResource (including cannot change the meaning of modifierExtension itself).","There can be no stigma associated with the use of extensions by any application, project, or standard - regardless of the institution or jurisdiction that uses or defines the extensions.  The use of extensions is what allows the FHIR specification to retain a core level of simplicity for everyone.","Modifier extensions allow for extensions that *cannot* be safely ignored to be clearly distinguished from the vast majority of extensions which can be safely ignored.  This promotes interoperability by eliminating the need for implementers to prohibit the presence of extensions. For further information, see the [definition of modifier extensions](http://hl7.org/fhir/R4/extensibility.html#modifierExtension).","","","","","","","",,,,,"",,,,"DomainResource.modifierExtension",0,*,"","ele-1:All FHIR elements must have a @value or children {hasValue() or (children().count() > id.count())}
ext-1:Must have either extensions or value[x], not both {extension.exists() != value.exists()}","N/A"
"Procedure.identifier","Procedure.identifier","","","",0,*,"","","Y","Identifier {[]} {[]}
","External Identifiers for this procedure","Business identifiers assigned to this procedure by the performer or other systems which remain constant as the resource is updated and is propagated from server to server.","This is a business identifier, not a resource identifier (see [discussion](http://hl7.org/fhir/R4/resource.html#identifiers)).  It is best practice for the identifier to only appear on a single resource instance, however business practices may occasionally dictate that multiple resource instances with the same identifier can exist - possibly even with different resource types.  For example, multiple Patient and Person resource instances might share the same social insurance number.","Allows identification of the procedure as it is known by various participating systems and in a way that remains consistent across servers.","","","","","","","",,,,,"",,,,"Procedure.identifier",0,*,"","ele-1:All FHIR elements must have a @value or children {hasValue() or (children().count() > id.count())}
","Event.identifier",".id","FiveWs.identifier","Some combination of ORC-2 / ORC-3 / OBR-2 / OBR-3 / IPC-1 / IPC-2 / IPC-3 / IPC-4"
"Procedure.instantiatesCanonical","Procedure.instantiatesCanonical","","","",0,*,"","","Y","canonical {[]} {[CanonicalType[http://hl7.org/fhir/StructureDefinition/PlanDefinition|4.0.1], CanonicalType[http://hl7.org/fhir/StructureDefinition/ActivityDefinition|4.0.1], CanonicalType[http://hl7.org/fhir/StructureDefinition/Measure|4.0.1], CanonicalType[http://hl7.org/fhir/StructureDefinition/OperationDefinition|4.0.1], CanonicalType[http://hl7.org/fhir/StructureDefinition/Questionnaire|4.0.1]]}
","Instantiates FHIR protocol or definition","The URL pointing to a FHIR-defined protocol, guideline, order set or other definition that is adhered to in whole or in part by this Procedure.","","","","","","","","","",,,,,"",,,,"Procedure.instantiatesCanonical",0,*,"","ele-1:All FHIR elements must have a @value or children {hasValue() or (children().count() > id.count())}
","Event.instantiatesCanonical",".outboundRelationship[typeCode=DEFN].target"
"Procedure.instantiatesUri","Procedure.instantiatesUri","","","",0,*,"","","Y","uri {[]} {[]}
","Instantiates external protocol or definition","The URL pointing to an externally maintained protocol, guideline, order set or other definition that is adhered to in whole or in part by this Procedure.","This might be an HTML page, PDF, etc. or could just be a non-resolvable URI identifier.","","","","","","","","",,,,,"",,,,"Procedure.instantiatesUri",0,*,"","ele-1:All FHIR elements must have a @value or children {hasValue() or (children().count() > id.count())}
","Event.instantiatesUri",".outboundRelationship[typeCode=DEFN].target"
"Procedure.basedOn","Procedure.basedOn","","fulfills
","",0,*,"","","Y","Reference {[]} {[CanonicalType[http://hl7.org/fhir/StructureDefinition/CarePlan|4.0.1], CanonicalType[http://hl7.org/fhir/StructureDefinition/ServiceRequest|4.0.1]]}
","A request for this procedure","A reference to a resource that contains details of the request for this procedure.","","","","","","","","","",,,,,"",,,,"Procedure.basedOn",0,*,"","ele-1:All FHIR elements must have a @value or children {hasValue() or (children().count() > id.count())}
","Event.basedOn",".outboundRelationship[typeCode=FLFS].target[classCode=(various e.g. PROC, OBS, PCPR, ACT,  moodCode=RQO].code"
"Procedure.partOf","Procedure.partOf","","container
","",0,*,"","","Y","Reference {[]} {[CanonicalType[http://hl7.org/fhir/StructureDefinition/Procedure|4.0.1], CanonicalType[http://hl7.org/fhir/StructureDefinition/Observation|4.0.1], CanonicalType[http://hl7.org/fhir/StructureDefinition/MedicationAdministration|4.0.1]]}
","Part of referenced event","A larger event of which this particular procedure is a component or step.","The MedicationAdministration resource has a partOf reference to Procedure, but this is not a circular reference.   For example, the anesthesia MedicationAdministration is part of the surgical Procedure (MedicationAdministration.partOf = Procedure).  For example, the procedure to insert the IV port for an IV medication administration is part of the medication administration (Procedure.partOf = MedicationAdministration).","","","","","","","","",,,,,"",,,,"Procedure.partOf",0,*,"","ele-1:All FHIR elements must have a @value or children {hasValue() or (children().count() > id.count())}
","Event.partOf",".inboundRelationship[typeCode=COMP].source[classCode=SBADM or PROC or OBS, moodCode=EVN]"
"Procedure.status","Procedure.status","","","",1,1,"Y","Y","Y","code {[]} {[]}
","Status","A code specifying the state of the procedure. Generally, this will be the in-progress or completed state.","Zeigt den aktuellen Status der Prozedur an.     
  **WICHTIGER Hinweis für Implementierer:  
  * Alle server-seitigen Implementierungen MÜSSEN in der Lage sein, 
  die systemintern möglichen Statuswerte korrekt in FHIR abzubilden, mindestens jedoch die Werte `completed` und `unknown`.
  * Alle client-seitigen Implementierungen MÜSSEN in der Lage sein, sämtliche Status-Codes zu interpretieren und dem Anwender in angemessener Form darstellen zu können, 
  beispielsweise durch Ausblenden/Durchstreichen von Prozeduren mit dem status `entered-in-error` und Ausgrauen von Prozeduren, die noch nicht stattgefunden haben, o.ä.","","","","","","","","",,"required","A code specifying the state of the procedure.","http://hl7.org/fhir/ValueSet/event-status|4.0.1","",,,,"Procedure.status",1,1,"","ele-1:All FHIR elements must have a @value or children {hasValue() or (children().count() > id.count())}
","Event.status","statusCode","FiveWs.status"
"Procedure.statusReason","Procedure.statusReason","","Suspended Reason
Cancelled Reason","",0,1,"","","Y","CodeableConcept {[]} {[]}
","Reason for current status","Captures the reason for the current state of the procedure.","This is generally only used for ""exception"" statuses such as ""not-done"", ""suspended"" or ""aborted"". The reason for performing the event at all is captured in reasonCode, not here.","","","","","","","","",,"example","A code that identifies the reason a procedure was not performed.","http://hl7.org/fhir/ValueSet/procedure-not-performed-reason|4.0.1","",,,,"Procedure.statusReason",0,1,"","ele-1:All FHIR elements must have a @value or children {hasValue() or (children().count() > id.count())}
","Event.statusReason",".reason.Observation.value"
"Procedure.category","Procedure.category","","","",0,1,"Y","","Y","CodeableConcept {[]} {[]}
","Kategorie","A code that classifies the procedure for searching, sorting and display purposes (e.g. ""Surgical Procedure"").","Die Kategorisierung erfolgt vorzugsweise auf Basis von SNOMED CT. Für OPS-codierte Prozeduren MUSS die Kategorie angegeben werden: Sie kann ermittelt werden, 
  indem das erste Zeichen des OPS-Codes mit Hilfe einer [ConceptMap](http://fhir.de/ConceptMap/OPS-SNOMED-Category) auf die zutreffende SNOMED-Kategorie gemappt wird.
  
  **Begründung MS:** Die Kategorisierung dient der Verbesserung von Suche und Darstellung.","","","","","","","","",,"example","A code that classifies a procedure for searching, sorting and display purposes.","http://hl7.org/fhir/ValueSet/procedure-category|4.0.1","",,,,"Procedure.category",0,1,"","ele-1:All FHIR elements must have a @value or children {hasValue() or (children().count() > id.count())}
",".outboundRelationship[typeCode=""COMP].target[classCode=""LIST"", moodCode=""EVN""].code","FiveWs.class"
"Procedure.category.id","Procedure.category.id","","","",0,1,"","","","string {[]} {[]}
","Unique id for inter-element referencing","Unique id for the element within a resource (for internal references). This may be any string value that does not contain spaces.","","","","","","","","","",,,,,"",,,,"Element.id",0,1,"","","n/a"
"Procedure.category.extension","Procedure.category.extension","","extensions
user content","",0,*,"","","","Extension {[]} {[]}
","Additional content defined by implementations","May be used to represent additional information that is not part of the basic definition of the element. To make the use of extensions safe and manageable, there is a strict set of governance  applied to the definition and use of extensions. Though any implementer can define an extension, there is a set of requirements that SHALL be met as part of the definition of the extension.","There can be no stigma associated with the use of extensions by any application, project, or standard - regardless of the institution or jurisdiction that uses or defines the extensions.  The use of extensions is what allows the FHIR specification to retain a core level of simplicity for everyone.","","","","","","","","",,,,,"","value:url}
","Extensions are always sliced by (at least) url",,"open","Element.extension",0,*,"","ele-1:All FHIR elements must have a @value or children {hasValue() or (children().count() > id.count())}
ext-1:Must have either extensions or value[x], not both {extension.exists() != value.exists()}","n/a"
"Procedure.category.coding","Procedure.category.coding","","","",0,*,"","","Y","Coding {[]} {[]}
","Code defined by a terminology system","A reference to a code defined by a terminology system.","Codes may be defined very casually in enumerations, or code lists, up to very formal definitions such as SNOMED CT - see the HL7 v3 Core Principles for more information.  Ordering of codings is undefined and SHALL NOT be used to infer meaning. Generally, at most only one of the coding values will be labeled as UserSelected = true.","Allows for alternative encodings within a code system, and translations to other code systems.","","","","","","","",,,,,"","pattern:system}
","",,"open","CodeableConcept.coding",0,*,"","ele-1:All FHIR elements must have a @value or children {hasValue() or (children().count() > id.count())}
","union(., ./translation)","C*E.1-8, C*E.10-22"
"Procedure.category.coding:SNOMED-CT","Procedure.category.coding","SNOMED-CT","","",0,1,"Y","","Y","Coding {[CanonicalType[https://gematik.de/fhir/isik/StructureDefinition/ISiKSnomedCTCoding]]} {[]}
","Code defined by a terminology system","A reference to a code defined by a terminology system.","Codes may be defined very casually in enumerations, or code lists, up to very formal definitions such as SNOMED CT - see the HL7 v3 Core Principles for more information.  Ordering of codings is undefined and SHALL NOT be used to infer meaning. Generally, at most only one of the coding values will be labeled as UserSelected = true.","Allows for alternative encodings within a code system, and translations to other code systems.","","","","","","","",,"preferred","","https://gematik.de/fhir/isik/ValueSet/ProzedurenKategorieSCT","",,,,"CodeableConcept.coding",0,*,"","ele-1:All FHIR elements must have a @value or children {hasValue() or (children().count() > id.count())}
","union(., ./translation)","C*E.1-8, C*E.10-22"
"Procedure.category.text","Procedure.category.text","","","",0,1,"","","Y","string {[]} {[]}
","Plain text representation of the concept","A human language representation of the concept as seen/selected/uttered by the user who entered the data and/or which represents the intended meaning of the user.","Very often the text is the same as a displayName of one of the codings.","The codes from the terminologies do not always capture the correct meaning with all the nuances of the human using them, or sometimes there is no appropriate code at all. In these cases, the text is used to capture the full meaning of the source.","","","","","","","",,,,,"",,,,"CodeableConcept.text",0,1,"","ele-1:All FHIR elements must have a @value or children {hasValue() or (children().count() > id.count())}
","./originalText[mediaType/code=""text/plain""]/data","C*E.9. But note many systems use C*E.2 for this"
"Procedure.code","Procedure.code","","type
","",1,1,"Y","","Y","CodeableConcept {[]} {[]}
","Prozeduren-Code","The specific procedure that is performed. Use text if the exact nature of the procedure cannot be coded (e.g. ""Laparoscopic Appendectomy"").","Prozeduren SOLLEN mindestens entweder mit einem OPS-Code oder einem SNOMED-Code aus dem angegebenen ValueSet codiert werden. 
  Ist keine Codierung möglich, MUSS statt dessen eine textuelle Beschreibung der Prozedur angegeben werden.  
  **Begründung Pflichtfeld:** Ist *weder* eine Codierung *noch* eine textuelle Beschreibung vorhanden, besitzt diese Ressource keine medizinische Aussagefähigkeit.","0..1 to account for primarily narrative only resources.","","","","","","","",,"example","A code to identify a specific procedure .","http://hl7.org/fhir/ValueSet/procedure-code|4.0.1","",,,,"Procedure.code",0,1,"","ele-1:All FHIR elements must have a @value or children {hasValue() or (children().count() > id.count())}
sct-ops-1:Falls die Prozedur kodiert vorliegt, SOLL mindestens ein OPS oder SNOMED-CT Code angegeben werden. {coding.exists() implies coding.where(system = 'http://snomed.info/sct').exists() or coding.where(system = 'http://fhir.de/CodeSystem/bfarm/ops').exists()}proc-ISiK-3:Entweder MUSS eine kodierte Prozedur vorliegen oder eine textuelle Beschreibung. Stattdessen nur Extensions hinzuzufügen (vgl. https://www.hl7.org/fhir/element.html - ele-1), ist explizit nicht erlaubt. {coding.exists().not() implies text.exists()}","Event.code",".code","FiveWs.what[x]","OBR-44/OBR-45"
"Procedure.code.id","Procedure.code.id","","","",0,1,"","","","string {[]} {[]}
","Unique id for inter-element referencing","Unique id for the element within a resource (for internal references). This may be any string value that does not contain spaces.","","","","","","","","","",,,,,"",,,,"Element.id",0,1,"","","n/a"
"Procedure.code.extension","Procedure.code.extension","","extensions
user content","",0,*,"","","","Extension {[]} {[]}
","Additional content defined by implementations","May be used to represent additional information that is not part of the basic definition of the element. To make the use of extensions safe and manageable, there is a strict set of governance  applied to the definition and use of extensions. Though any implementer can define an extension, there is a set of requirements that SHALL be met as part of the definition of the extension.","There can be no stigma associated with the use of extensions by any application, project, or standard - regardless of the institution or jurisdiction that uses or defines the extensions.  The use of extensions is what allows the FHIR specification to retain a core level of simplicity for everyone.","","","","","","","","",,,,,"","value:url}
","Extensions are always sliced by (at least) url",,"open","Element.extension",0,*,"","ele-1:All FHIR elements must have a @value or children {hasValue() or (children().count() > id.count())}
ext-1:Must have either extensions or value[x], not both {extension.exists() != value.exists()}","n/a"
"Procedure.code.coding","Procedure.code.coding","","","",0,*,"Y","","Y","Coding {[]} {[]}
","Codierte Darstellung der Prozedur","A reference to a code defined by a terminology system.","Codes may be defined very casually in enumerations, or code lists, up to very formal definitions such as SNOMED CT - see the HL7 v3 Core Principles for more information.  Ordering of codings is undefined and SHALL NOT be used to infer meaning. Generally, at most only one of the coding values will be labeled as UserSelected = true.","Allows for alternative encodings within a code system, and translations to other code systems.","","","","","","","",,,,,"","pattern:system}
","",,"open","CodeableConcept.coding",0,*,"","ele-1:All FHIR elements must have a @value or children {hasValue() or (children().count() > id.count())}
","union(., ./translation)","C*E.1-8, C*E.10-22"
"Procedure.code.coding:OPS","Procedure.code.coding","OPS","","",0,1,"Y","","Y","Coding {[CanonicalType[http://fhir.de/StructureDefinition/CodingOPS]]} {[]}
","OPS-codierte Darstellung der Prozedur","A reference to a code defined by a terminology system.","Codes may be defined very casually in enumerations, or code lists, up to very formal definitions such as SNOMED CT - see the HL7 v3 Core Principles for more information.  Ordering of codings is undefined and SHALL NOT be used to infer meaning. Generally, at most only one of the coding values will be labeled as UserSelected = true.","Allows for alternative encodings within a code system, and translations to other code systems.","","","","","","","",,,,,"",,,,"CodeableConcept.coding",0,*,"","ele-1:All FHIR elements must have a @value or children {hasValue() or (children().count() > id.count())}
","union(., ./translation)","C*E.1-8, C*E.10-22"
"Procedure.code.coding:OPS.id","Procedure.code.coding.id","","","",0,1,"","","","string {[]} {[]}
","Unique id for inter-element referencing","Unique id for the element within a resource (for internal references). This may be any string value that does not contain spaces.","","","","","","","","","",,,,,"",,,,"Element.id",0,1,"","","n/a"
"Procedure.code.coding:OPS.extension","Procedure.code.coding.extension","","extensions
user content","",0,*,"","","","Extension {[]} {[]}
","Additional content defined by implementations","May be used to represent additional information that is not part of the basic definition of the element. To make the use of extensions safe and manageable, there is a strict set of governance  applied to the definition and use of extensions. Though any implementer can define an extension, there is a set of requirements that SHALL be met as part of the definition of the extension.","There can be no stigma associated with the use of extensions by any application, project, or standard - regardless of the institution or jurisdiction that uses or defines the extensions.  The use of extensions is what allows the FHIR specification to retain a core level of simplicity for everyone.","","","","","","","","",,,,,"","value:url}
","Extensions are always sliced by (at least) url",,"open","Element.extension",0,*,"","ele-1:All FHIR elements must have a @value or children {hasValue() or (children().count() > id.count())}
ext-1:Must have either extensions or value[x], not both {extension.exists() != value.exists()}","n/a"
"Procedure.code.coding:OPS.extension:Seitenlokalisation","Procedure.code.coding.extension","Seitenlokalisation","","",0,1,"Y","","","Extension {[CanonicalType[http://fhir.de/StructureDefinition/seitenlokalisation]]} {[]}
","Seitenlokalisation","Optional Extension Element - found in all resources.","**Begründung MS:** Bei OPS-codierten Prozeduren an paarigen Organen oder Körperteilen müssen die Zusatzkennzeichen für die Seitigkeit (R, L oder B) angeben werden","","","","","","","","",,,,,"",,,,"Element.extension",0,*,"ele-1
","ele-1:All FHIR elements must have a @value or children {hasValue() or (children().count() > id.count())}
ext-1:Must have either extensions or value[x], not both {extension.exists() != value.exists()}","n/a","N/A"
"Procedure.code.coding:OPS.system","Procedure.code.coding.system","","","",1,1,"Y","","Y","uri {[]} {[]}
","Namensraum des Prozeduren-Codes","The identification of the code system that defines the meaning of the symbol in the code.","Hier ist stets der Wert `http://fhir.de/CodeSystem/bfarm/ops` anzugeben.","Need to be unambiguous about the source of the definition of the symbol.","","","<valueUri xmlns=""http://hl7.org/fhir"" value=""http://fhir.de/CodeSystem/bfarm/ops""/>","","","","",,,,,"",,,,"Coding.system",0,1,"","ele-1:All FHIR elements must have a @value or children {hasValue() or (children().count() > id.count())}
","./codeSystem","C*E.3"
"Procedure.code.coding:OPS.version","Procedure.code.coding.version","","","",1,1,"Y","","Y","string {[]} {[]}
","Die Jahresversion des OPS Kataloges. Angegeben wird immer die vierstellige Jahreszahl (z.B. `2017`)","Bie Verwendung von OPS ist die Angabe der Version zwingend erforderlich.
Hierdurch wird der Tatsache Rechnung getragen, dass jede der jährlich neu erscheinenden Fassung von OPS ein neues Codesystem darstellt.","**Begründung Pflichtfeld:** Bei Verwendung von OPS ist die Angabe der Version zwingend erforderlich. 
      Hierdurch wird der Tatsache Rechnung getragen, dass jede der jährlich neu erscheinenden Fassung von OPS ein neues Codesystem darstellt.","","","","","","","","",,,,,"",,,,"Coding.version",0,1,"","ele-1:All FHIR elements must have a @value or children {hasValue() or (children().count() > id.count())}
","./codeSystemVersion","C*E.7"
"Procedure.code.coding:OPS.code","Procedure.code.coding.code","","","",1,1,"Y","","Y","code {[]} {[]}
","OPS-Code","A symbol in syntax defined by the system. The symbol may be a predefined code or an expression in a syntax defined by the coding system (e.g. post-coordination).","Hier ist der OPS-Code ohne jegliche Zusatzkennzeichen (z.B. Seitenlokalisation) oder Versionsnummern anzugeben.","Need to refer to a particular code in the system.","","","","","<valueCode xmlns=""http://hl7.org/fhir"" value=""5-470""/>","","",,,,,"",,,,"Coding.code",0,1,"","ele-1:All FHIR elements must have a @value or children {hasValue() or (children().count() > id.count())}
ops-regex:In code sind nur gültige OPS-Codes ohne Zusätze erlaubt {matches('^[1|3|5|6|8|9]-[a-zA-Z0-9]{3}([.][a-zA-Z0-9]{1,2})?$')}","./code","C*E.1"
"Procedure.code.coding:OPS.display","Procedure.code.coding.display","","","",0,1,"","","Y","string {[]} {[]}
","Representation defined by the system","A representation of the meaning of the code in the system, following the rules of the system.","","Need to be able to carry a human-readable meaning of the code for readers that do not know  the system.","","","","","","","",,,,,"",,,,"Coding.display",0,1,"","ele-1:All FHIR elements must have a @value or children {hasValue() or (children().count() > id.count())}
","CV.displayName","C*E.2 - but note this is not well followed"
"Procedure.code.coding:OPS.userSelected","Procedure.code.coding.userSelected","","","",0,1,"","","Y","boolean {[]} {[]}
","If this coding was chosen directly by the user","Indicates that this coding was chosen by a user directly - e.g. off a pick list of available items (codes or displays).","Amongst a set of alternatives, a directly chosen code is the most appropriate starting point for new translations. There is some ambiguity about what exactly 'directly chosen' implies, and trading partner agreement may be needed to clarify the use of this element and its consequences more completely.","This has been identified as a clinical safety criterium - that this exact system/code pair was chosen explicitly, rather than inferred by the system based on some rules or language processing.","","","","","","","",,,,,"",,,,"Coding.userSelected",0,1,"","ele-1:All FHIR elements must have a @value or children {hasValue() or (children().count() > id.count())}
","CD.codingRationale","Sometimes implied by being first"
"Procedure.code.coding:SNOMED-CT","Procedure.code.coding","SNOMED-CT","","",0,1,"Y","","Y","Coding {[CanonicalType[https://gematik.de/fhir/isik/StructureDefinition/ISiKSnomedCTCoding]]} {[]}
","SNOMED-codierte Darstellung der Prozedur","A reference to a code defined by a terminology system.","**Hintergrund und Begründung zum Must-Support:** Das BfArM hat ein 'Zielbild für eine semantische Strategie' (https://www.bfarm.de/DE/Kodiersysteme/Services/Terminologieserver/Semantik-Strategie/_node.html) verfasst, in dem die Nutzung von international gängigen Basis-Terminologien vorgestellt wird. Dort wird als grundlegende Position dargestellt, dass basierend auf einer Basisterminologie weitere Use Cases bedient werden sollen. Bei Prozeduren wäre das damit eine klinische Dokumentation mit SNOMED CT als internationalem Kodiersystem und einer Ableitung davon zum OPS. Dies ist insbesondere auch wichtig für den Datentransfer in den European Health Data Space, in dem der OPS keine Rolle spielen wird.","Allows for alternative encodings within a code system, and translations to other code systems.","","","","","","","",,"required","","https://gematik.de/fhir/isik/ValueSet/ProzedurenCodesSCT","",,,,"CodeableConcept.coding",0,*,"","ele-1:All FHIR elements must have a @value or children {hasValue() or (children().count() > id.count())}
","union(., ./translation)","C*E.1-8, C*E.10-22"
"Procedure.code.text","Procedure.code.text","","","",0,1,"Y","","Y","string {[]} {[]}
","Freitextiche Beschreibung der Prozedur","A human language representation of the concept as seen/selected/uttered by the user who entered the data and/or which represents the intended meaning of the user.","Die freitextliche Beschreibung kann ergänzend oder anstelle einer codierten Angabe der Prozedur erfolgen.","The codes from the terminologies do not always capture the correct meaning with all the nuances of the human using them, or sometimes there is no appropriate code at all. In these cases, the text is used to capture the full meaning of the source.","","","","","","","",,,,,"",,,,"CodeableConcept.text",0,1,"","ele-1:All FHIR elements must have a @value or children {hasValue() or (children().count() > id.count())}
","./originalText[mediaType/code=""text/plain""]/data","C*E.9. But note many systems use C*E.2 for this"
"Procedure.subject","Procedure.subject","","patient
","",1,1,"Y","","Y","Reference {[]} {[CanonicalType[http://hl7.org/fhir/StructureDefinition/Patient|4.0.1], CanonicalType[http://hl7.org/fhir/StructureDefinition/Group|4.0.1]]}
","Patientenbezug","The person, animal or group on which the procedure was performed.","**Begründung Must-Support:** Ein Patientenbezug der Prozedur MUSS stets zum Zwecke der Nachvollziehbarkeit und Datenintegrität vorliegen.","","","","","","","","",,,,,"",,,,"Procedure.subject",1,1,"","ele-1:All FHIR elements must have a @value or children {hasValue() or (children().count() > id.count())}
","Event.subject",".participation[typeCode=SBJ].role","FiveWs.subject[x]","FiveWs.subject","PID-3"
"Procedure.subject.id","Procedure.subject.id","","","",0,1,"","","","string {[]} {[]}
","Unique id for inter-element referencing","Unique id for the element within a resource (for internal references). This may be any string value that does not contain spaces.","","","","","","","","","",,,,,"",,,,"Element.id",0,1,"","","n/a"
"Procedure.subject.extension","Procedure.subject.extension","","extensions
user content","",0,*,"","","","Extension {[]} {[]}
","Additional content defined by implementations","May be used to represent additional information that is not part of the basic definition of the element. To make the use of extensions safe and manageable, there is a strict set of governance  applied to the definition and use of extensions. Though any implementer can define an extension, there is a set of requirements that SHALL be met as part of the definition of the extension.","There can be no stigma associated with the use of extensions by any application, project, or standard - regardless of the institution or jurisdiction that uses or defines the extensions.  The use of extensions is what allows the FHIR specification to retain a core level of simplicity for everyone.","","","","","","","","",,,,,"","value:url}
","Extensions are always sliced by (at least) url",,"open","Element.extension",0,*,"","ele-1:All FHIR elements must have a @value or children {hasValue() or (children().count() > id.count())}
ext-1:Must have either extensions or value[x], not both {extension.exists() != value.exists()}","n/a"
"Procedure.subject.reference","Procedure.subject.reference","","","",1,1,"Y","","Y","string {[]} {[]}
","Patienten-Link","A reference to a location at which the other resource is found. The reference may be a relative reference, in which case it is relative to the service base URL, or an absolute URL that resolves to the location where the resource is found. The reference may be version specific or not. If the reference is not to a FHIR RESTful server, then it should be assumed to be version specific. Internal fragment references (start with '#') refer to contained resources.","**Begründung MS:** Die Verlinkung auf eine Patienten-Ressource dient der technischen Zuordnung der Dokumentation zu einem Patienten und ermöglicht wichtige API-Funktionen wie verkettete Suche, (Reverse-)Include etc.
Im ISik Kontext MUSS die referenzierte Ressource konform zu [ISiKPatient](https://gematik.de/fhir/isik/StructureDefinition/ISiKPatient) sein.
Jenseits von ISiK KÖNNEN weitere Instanzen mit anderen Profilen referenziert werden.","","","","","","","","",,,,,"",,,,"Reference.reference",0,1,"ref-1
","ele-1:All FHIR elements must have a @value or children {hasValue() or (children().count() > id.count())}
","N/A"
"Procedure.subject.type","Procedure.subject.type","","","",0,1,"","","Y","uri {[]} {[]}
","Type the reference refers to (e.g. ""Patient"")","The expected type of the target of the reference. If both Reference.type and Reference.reference are populated and Reference.reference is a FHIR URL, both SHALL be consistent.

The type is the Canonical URL of Resource Definition that is the type this reference refers to. References are URLs that are relative to http://hl7.org/fhir/StructureDefinition/ e.g. ""Patient"" is a reference to http://hl7.org/fhir/StructureDefinition/Patient. Absolute URLs are only allowed for logical models (and can only be used in references in logical models, not resources).","This element is used to indicate the type of  the target of the reference. This may be used which ever of the other elements are populated (or not). In some cases, the type of the target may be determined by inspection of the reference (e.g. a RESTful URL) or by resolving the target of the reference; if both the type and a reference is provided, the reference SHALL resolve to a resource of the same type as that specified.","","","","","","","","",,"extensible","Aa resource (or, for logical models, the URI of the logical model).","http://hl7.org/fhir/ValueSet/resource-types|4.0.1","",,,,"Reference.type",0,1,"","ele-1:All FHIR elements must have a @value or children {hasValue() or (children().count() > id.count())}
","N/A"
"Procedure.subject.identifier","Procedure.subject.identifier","","","",0,1,"","","Y","Identifier {[]} {[]}
","Logical reference, when literal reference is not known","An identifier for the target resource. This is used when there is no way to reference the other resource directly, either because the entity it represents is not available through a FHIR server, or because there is no way for the author of the resource to convert a known identifier to an actual location. There is no requirement that a Reference.identifier point to something that is actually exposed as a FHIR instance, but it SHALL point to a business concept that would be expected to be exposed as a FHIR instance, and that instance would need to be of a FHIR resource type allowed by the reference.","When an identifier is provided in place of a reference, any system processing the reference will only be able to resolve the identifier to a reference if it understands the business context in which the identifier is used. Sometimes this is global (e.g. a national identifier) but often it is not. For this reason, none of the useful mechanisms described for working with references (e.g. chaining, includes) are possible, nor should servers be expected to be able resolve the reference. Servers may accept an identifier based reference untouched, resolve it, and/or reject it - see CapabilityStatement.rest.resource.referencePolicy. 

When both an identifier and a literal reference are provided, the literal reference is preferred. Applications processing the resource are allowed - but not required - to check that the identifier matches the literal reference

Applications converting a logical reference to a literal reference may choose to leave the logical reference present, or remove it.

Reference is intended to point to a structure that can potentially be expressed as a FHIR resource, though there is no need for it to exist as an actual FHIR resource instance - except in as much as an application wishes to actual find the target of the reference. The content referred to be the identifier must meet the logical constraints implied by any limitations on what resource types are permitted for the reference.  For example, it would not be legitimate to send the identifier for a drug prescription if the type were Reference(Observation|DiagnosticReport).  One of the use-cases for Reference.identifier is the situation where no FHIR representation exists (where the type is Reference (Any).","","","","","","","","",,,,,"",,,,"Reference.identifier",0,1,"","ele-1:All FHIR elements must have a @value or children {hasValue() or (children().count() > id.count())}
",".identifier"
"Procedure.subject.display","Procedure.subject.display","","","",0,1,"","","Y","string {[]} {[]}
","Text alternative for the resource","Plain text narrative that identifies the resource in addition to the resource reference.","This is generally not the same as the Resource.text of the referenced resource.  The purpose is to identify what's being referenced, not to fully describe it.","","","","","","","","",,,,,"",,,,"Reference.display",0,1,"","ele-1:All FHIR elements must have a @value or children {hasValue() or (children().count() > id.count())}
","N/A"
"Procedure.encounter","Procedure.encounter","","","",0,1,"Y","","Y","Reference {[]} {[CanonicalType[http://hl7.org/fhir/StructureDefinition/Encounter|4.0.1]]}
","Aufenthaltsbezug","The Encounter during which this Procedure was created or performed or to which the creation of this record is tightly associated.","**Begründung Must-Support:** Ein Aufenthaltsbezug der Prozedur MUSS stets zum Zwecke der Nachvollziehbarkeit und Datenintegrität vorliegen.","","","","","","","","",,,,,"",,,,"Procedure.encounter",0,1,"","ele-1:All FHIR elements must have a @value or children {hasValue() or (children().count() > id.count())}
","Event.context",".inboundRelationship[typeCode=COMP].source[classCode=ENC, moodCode=EVN]","FiveWs.context","PV1-19"
"Procedure.encounter.id","Procedure.encounter.id","","","",0,1,"","","","string {[]} {[]}
","Unique id for inter-element referencing","Unique id for the element within a resource (for internal references). This may be any string value that does not contain spaces.","","","","","","","","","",,,,,"",,,,"Element.id",0,1,"","","n/a"
"Procedure.encounter.extension","Procedure.encounter.extension","","extensions
user content","",0,*,"","","","Extension {[]} {[]}
","Additional content defined by implementations","May be used to represent additional information that is not part of the basic definition of the element. To make the use of extensions safe and manageable, there is a strict set of governance  applied to the definition and use of extensions. Though any implementer can define an extension, there is a set of requirements that SHALL be met as part of the definition of the extension.","There can be no stigma associated with the use of extensions by any application, project, or standard - regardless of the institution or jurisdiction that uses or defines the extensions.  The use of extensions is what allows the FHIR specification to retain a core level of simplicity for everyone.","","","","","","","","",,,,,"","value:url}
","Extensions are always sliced by (at least) url",,"open","Element.extension",0,*,"","ele-1:All FHIR elements must have a @value or children {hasValue() or (children().count() > id.count())}
ext-1:Must have either extensions or value[x], not both {extension.exists() != value.exists()}","n/a"
"Procedure.encounter.reference","Procedure.encounter.reference","","","",1,1,"Y","","Y","string {[]} {[]}
","Encounter-Link","A reference to a location at which the other resource is found. The reference may be a relative reference, in which case it is relative to the service base URL, or an absolute URL that resolves to the location where the resource is found. The reference may be version specific or not. If the reference is not to a FHIR RESTful server, then it should be assumed to be version specific. Internal fragment references (start with '#') refer to contained resources.","**Begründung Pflichtfeld:** Die Verlinkung auf eine Encounter-Ressource dient der technischen Zuordnung der Dokumentation zu einem Aufenthalt und ermöglicht wichtige API-Funktionen wie verkettete Suche, (Reverse-)Include etc.
Im ISik Kontext MUSS die referenzierte Ressource konform zu [ISiKKontaktGesundheitseinrichtung](https://gematik.de/fhir/isik/StructureDefinition/ISiKKontaktGesundheitseinrichtung) sein.
Jenseits von ISiK KÖNNEN weitere Instanzen mit anderen Profilen referenziert werden.","","","","","","","","",,,,,"",,,,"Reference.reference",0,1,"ref-1
","ele-1:All FHIR elements must have a @value or children {hasValue() or (children().count() > id.count())}
","N/A"
"Procedure.encounter.type","Procedure.encounter.type","","","",0,1,"","","Y","uri {[]} {[]}
","Type the reference refers to (e.g. ""Patient"")","The expected type of the target of the reference. If both Reference.type and Reference.reference are populated and Reference.reference is a FHIR URL, both SHALL be consistent.

The type is the Canonical URL of Resource Definition that is the type this reference refers to. References are URLs that are relative to http://hl7.org/fhir/StructureDefinition/ e.g. ""Patient"" is a reference to http://hl7.org/fhir/StructureDefinition/Patient. Absolute URLs are only allowed for logical models (and can only be used in references in logical models, not resources).","This element is used to indicate the type of  the target of the reference. This may be used which ever of the other elements are populated (or not). In some cases, the type of the target may be determined by inspection of the reference (e.g. a RESTful URL) or by resolving the target of the reference; if both the type and a reference is provided, the reference SHALL resolve to a resource of the same type as that specified.","","","","","","","","",,"extensible","Aa resource (or, for logical models, the URI of the logical model).","http://hl7.org/fhir/ValueSet/resource-types|4.0.1","",,,,"Reference.type",0,1,"","ele-1:All FHIR elements must have a @value or children {hasValue() or (children().count() > id.count())}
","N/A"
"Procedure.encounter.identifier","Procedure.encounter.identifier","","","",0,1,"","","Y","Identifier {[]} {[]}
","Logical reference, when literal reference is not known","An identifier for the target resource. This is used when there is no way to reference the other resource directly, either because the entity it represents is not available through a FHIR server, or because there is no way for the author of the resource to convert a known identifier to an actual location. There is no requirement that a Reference.identifier point to something that is actually exposed as a FHIR instance, but it SHALL point to a business concept that would be expected to be exposed as a FHIR instance, and that instance would need to be of a FHIR resource type allowed by the reference.","When an identifier is provided in place of a reference, any system processing the reference will only be able to resolve the identifier to a reference if it understands the business context in which the identifier is used. Sometimes this is global (e.g. a national identifier) but often it is not. For this reason, none of the useful mechanisms described for working with references (e.g. chaining, includes) are possible, nor should servers be expected to be able resolve the reference. Servers may accept an identifier based reference untouched, resolve it, and/or reject it - see CapabilityStatement.rest.resource.referencePolicy. 

When both an identifier and a literal reference are provided, the literal reference is preferred. Applications processing the resource are allowed - but not required - to check that the identifier matches the literal reference

Applications converting a logical reference to a literal reference may choose to leave the logical reference present, or remove it.

Reference is intended to point to a structure that can potentially be expressed as a FHIR resource, though there is no need for it to exist as an actual FHIR resource instance - except in as much as an application wishes to actual find the target of the reference. The content referred to be the identifier must meet the logical constraints implied by any limitations on what resource types are permitted for the reference.  For example, it would not be legitimate to send the identifier for a drug prescription if the type were Reference(Observation|DiagnosticReport).  One of the use-cases for Reference.identifier is the situation where no FHIR representation exists (where the type is Reference (Any).","","","","","","","","",,,,,"",,,,"Reference.identifier",0,1,"","ele-1:All FHIR elements must have a @value or children {hasValue() or (children().count() > id.count())}
",".identifier"
"Procedure.encounter.display","Procedure.encounter.display","","","",0,1,"","","Y","string {[]} {[]}
","Text alternative for the resource","Plain text narrative that identifies the resource in addition to the resource reference.","This is generally not the same as the Resource.text of the referenced resource.  The purpose is to identify what's being referenced, not to fully describe it.","","","","","","","","",,,,,"",,,,"Reference.display",0,1,"","ele-1:All FHIR elements must have a @value or children {hasValue() or (children().count() > id.count())}
","N/A"
"Procedure.performed[x]","Procedure.performed[x]","","","",1,1,"Y","","Y","dateTime {[]} {[]}
Period {[]} {[]}","Durchführungsdatum oder -Zeitraum","Estimated or actual date, date-time, period, or age when the procedure was performed.  Allows a period to support complex procedures that span more than one date, and also allows for the length of the procedure to be captured.","Es muss mindestens entweder ein (partielles) Durchführungsdatum oder der Beginn des Durchführungszeitraumes angegeben werden.
  **Begründung Pflichtfeld:** Die zeitliche Einordnung einer Prozedur ist in vielen Fällen maßgeblich für deren medizinische Relevanz.","","","","","","","","",,,,,"",,,,"Procedure.performed[x]",0,1,"","ele-1:All FHIR elements must have a @value or children {hasValue() or (children().count() > id.count())}
","Event.occurrence[x]",".effectiveTime","FiveWs.done[x]","OBR-7"
"Procedure.recorder","Procedure.recorder","","","",0,1,"","","Y","Reference {[]} {[CanonicalType[http://hl7.org/fhir/StructureDefinition/Patient|4.0.1], CanonicalType[http://hl7.org/fhir/StructureDefinition/RelatedPerson|4.0.1], CanonicalType[http://hl7.org/fhir/StructureDefinition/Practitioner|4.0.1], CanonicalType[http://hl7.org/fhir/StructureDefinition/PractitionerRole|4.0.1]]}
","Who recorded the procedure","Individual who recorded the record and takes responsibility for its content.","","","","","","","","","",,,,,"",,,,"Procedure.recorder",0,1,"","ele-1:All FHIR elements must have a @value or children {hasValue() or (children().count() > id.count())}
",".participation[typeCode=AUT].role","FiveWs.author"
"Procedure.asserter","Procedure.asserter","","","",0,1,"","","Y","Reference {[]} {[CanonicalType[http://hl7.org/fhir/StructureDefinition/Patient|4.0.1], CanonicalType[http://hl7.org/fhir/StructureDefinition/RelatedPerson|4.0.1], CanonicalType[http://hl7.org/fhir/StructureDefinition/Practitioner|4.0.1], CanonicalType[http://hl7.org/fhir/StructureDefinition/PractitionerRole|4.0.1]]}
","Person who asserts this procedure","Individual who is making the procedure statement.","","","","","","","","","",,,,,"",,,,"Procedure.asserter",0,1,"","ele-1:All FHIR elements must have a @value or children {hasValue() or (children().count() > id.count())}
",".participation[typeCode=INF].role","FiveWs.source"
"Procedure.performer","Procedure.performer","","","",0,*,"","","Y","BackboneElement {[]} {[]}
","The people who performed the procedure","Limited to ""real"" people rather than equipment.","","","","","","","","","",,,,,"",,,,"Procedure.performer",0,*,"","ele-1:All FHIR elements must have a @value or children {hasValue() or (children().count() > id.count())}
","Event.performer",".participation[typeCode=PRF]"
"Procedure.performer.id","Procedure.performer.id","","","",0,1,"","","","string {[]} {[]}
","Unique id for inter-element referencing","Unique id for the element within a resource (for internal references). This may be any string value that does not contain spaces.","","","","","","","","","",,,,,"",,,,"Element.id",0,1,"","","n/a"
"Procedure.performer.extension","Procedure.performer.extension","","extensions
user content","",0,*,"","","","Extension {[]} {[]}
","Additional content defined by implementations","May be used to represent additional information that is not part of the basic definition of the element. To make the use of extensions safe and manageable, there is a strict set of governance  applied to the definition and use of extensions. Though any implementer can define an extension, there is a set of requirements that SHALL be met as part of the definition of the extension.","There can be no stigma associated with the use of extensions by any application, project, or standard - regardless of the institution or jurisdiction that uses or defines the extensions.  The use of extensions is what allows the FHIR specification to retain a core level of simplicity for everyone.","","","","","","","","",,,,,"",,,,"Element.extension",0,*,"","ele-1:All FHIR elements must have a @value or children {hasValue() or (children().count() > id.count())}
ext-1:Must have either extensions or value[x], not both {extension.exists() != value.exists()}","n/a"
"Procedure.performer.modifierExtension","Procedure.performer.modifierExtension","","extensions
user contentmodifiers","",0,*,"","Y","Y","Extension {[]} {[]}
","Extensions that cannot be ignored even if unrecognized","May be used to represent additional information that is not part of the basic definition of the element and that modifies the understanding of the element in which it is contained and/or the understanding of the containing element's descendants. Usually modifier elements provide negation or qualification. To make the use of extensions safe and manageable, there is a strict set of governance applied to the definition and use of extensions. Though any implementer can define an extension, there is a set of requirements that SHALL be met as part of the definition of the extension. Applications processing a resource are required to check for modifier extensions.

Modifier extensions SHALL NOT change the meaning of any elements on Resource or DomainResource (including cannot change the meaning of modifierExtension itself).","There can be no stigma associated with the use of extensions by any application, project, or standard - regardless of the institution or jurisdiction that uses or defines the extensions.  The use of extensions is what allows the FHIR specification to retain a core level of simplicity for everyone.","Modifier extensions allow for extensions that *cannot* be safely ignored to be clearly distinguished from the vast majority of extensions which can be safely ignored.  This promotes interoperability by eliminating the need for implementers to prohibit the presence of extensions. For further information, see the [definition of modifier extensions](http://hl7.org/fhir/R4/extensibility.html#modifierExtension).","","","","","","","",,,,,"",,,,"BackboneElement.modifierExtension",0,*,"","ele-1:All FHIR elements must have a @value or children {hasValue() or (children().count() > id.count())}
ext-1:Must have either extensions or value[x], not both {extension.exists() != value.exists()}","N/A"
"Procedure.performer.function","Procedure.performer.function","","","",0,1,"","","Y","CodeableConcept {[]} {[]}
","Type of performance","Distinguishes the type of involvement of the performer in the procedure. For example, surgeon, anaesthetist, endoscopist.","","Allows disambiguation of the types of involvement of different performers.","","","","","","","",,"example","A code that identifies the role of a performer of the procedure.","http://hl7.org/fhir/ValueSet/performer-role|4.0.1","",,,,"Procedure.performer.function",0,1,"","ele-1:All FHIR elements must have a @value or children {hasValue() or (children().count() > id.count())}
","Event.performer.function",".functionCode","Some combination of STF-18 / PRA-3 / PRT-4 / ROL-3 / ORC-12 / OBR-16 / PV1-7 / PV1-8 / PV1-9 / PV1-17 / OBX-25"
"Procedure.performer.actor","Procedure.performer.actor","","","",1,1,"","","Y","Reference {[]} {[CanonicalType[http://hl7.org/fhir/StructureDefinition/Practitioner|4.0.1], CanonicalType[http://hl7.org/fhir/StructureDefinition/PractitionerRole|4.0.1], CanonicalType[http://hl7.org/fhir/StructureDefinition/Organization|4.0.1], CanonicalType[http://hl7.org/fhir/StructureDefinition/Patient|4.0.1], CanonicalType[http://hl7.org/fhir/StructureDefinition/RelatedPerson|4.0.1], CanonicalType[http://hl7.org/fhir/StructureDefinition/Device|4.0.1]]}
","The reference to the practitioner","The practitioner who was involved in the procedure.","","A reference to Device supports use cases, such as pacemakers.","","","","","","","",,,,,"",,,,"Procedure.performer.actor",1,1,"","ele-1:All FHIR elements must have a @value or children {hasValue() or (children().count() > id.count())}
","Event.performer.actor",".role","FiveWs.actor","ORC-19/PRT-5"
"Procedure.performer.onBehalfOf","Procedure.performer.onBehalfOf","","","",0,1,"","","","Reference {[]} {[CanonicalType[http://hl7.org/fhir/StructureDefinition/Organization|4.0.1]]}
","Organization the device or practitioner was acting for","The organization the device or practitioner was acting on behalf of.","","Practitioners and Devices can be associated with multiple organizations.  This element indicates which organization they were acting on behalf of when performing the action.","","","","","","","",,,,,"",,,,"Procedure.performer.onBehalfOf",0,1,"","ele-1:All FHIR elements must have a @value or children {hasValue() or (children().count() > id.count())}
",".scoper"
"Procedure.location","Procedure.location","","","",0,1,"","","Y","Reference {[]} {[CanonicalType[http://hl7.org/fhir/StructureDefinition/Location|4.0.1]]}
","Where the procedure happened","The location where the procedure actually happened.  E.g. a newborn at home, a tracheostomy at a restaurant.","","Ties a procedure to where the records are likely kept.","","","","","","","",,,,,"",,,,"Procedure.location",0,1,"","ele-1:All FHIR elements must have a @value or children {hasValue() or (children().count() > id.count())}
",".participation[typeCode=LOC].role[classCode=SDLOC]","FiveWs.where[x]"
"Procedure.reasonCode","Procedure.reasonCode","","","",0,*,"","","Y","CodeableConcept {[]} {[]}
","Coded reason procedure performed","The coded reason why the procedure was performed. This may be a coded entity of some type, or may simply be present as text.","Use Procedure.reasonCode when a code sufficiently describes the reason.  Use Procedure.reasonReference when referencing a resource, which allows more information to be conveyed, such as onset date. Procedure.reasonCode and Procedure.reasonReference are not meant to be duplicative.  For a single reason, either Procedure.reasonCode or Procedure.reasonReference can be used.  Procedure.reasonCode may be a summary code, or Procedure.reasonReference may be used to reference a very precise definition of the reason using Condition | Observation | Procedure | DiagnosticReport | DocumentReference.  Both Procedure.reasonCode and Procedure.reasonReference can be used if they are describing different reasons for the procedure.","","","","","","","","",,"example","A code that identifies the reason a procedure is  required.","http://hl7.org/fhir/ValueSet/procedure-reason|4.0.1","",,,,"Procedure.reasonCode",0,*,"","ele-1:All FHIR elements must have a @value or children {hasValue() or (children().count() > id.count())}
","Event.reasonCode",".reasonCode","FiveWs.why[x]"
"Procedure.reasonReference","Procedure.reasonReference","","","",0,*,"","","Y","Reference {[]} {[CanonicalType[http://hl7.org/fhir/StructureDefinition/Condition|4.0.1], CanonicalType[http://hl7.org/fhir/StructureDefinition/Observation|4.0.1], CanonicalType[http://hl7.org/fhir/StructureDefinition/Procedure|4.0.1], CanonicalType[http://hl7.org/fhir/StructureDefinition/DiagnosticReport|4.0.1], CanonicalType[http://hl7.org/fhir/StructureDefinition/DocumentReference|4.0.1]]}
","The justification that the procedure was performed","The justification of why the procedure was performed.","It is possible for a procedure to be a reason (such as C-Section) for another procedure (such as an epidural). Other examples include endoscopy for dilatation and biopsy (a combination of diagnostic and therapeutic use). 
Use Procedure.reasonCode when a code sufficiently describes the reason.  Use Procedure.reasonReference when referencing a resource, which allows more information to be conveyed, such as onset date. Procedure.reasonCode and Procedure.reasonReference are not meant to be duplicative.  For a single reason, either Procedure.reasonCode or Procedure.reasonReference can be used.  Procedure.reasonCode may be a summary code, or Procedure.reasonReference may be used to reference a very precise definition of the reason using Condition | Observation | Procedure | DiagnosticReport | DocumentReference.  Both Procedure.reasonCode and Procedure.reasonReference can be used if they are describing different reasons for the procedure.","","","","","","","","",,,,,"",,,,"Procedure.reasonReference",0,*,"","ele-1:All FHIR elements must have a @value or children {hasValue() or (children().count() > id.count())}
","Event.reasonReference",".reasonCode","FiveWs.why[x]"
"Procedure.bodySite","Procedure.bodySite","","","",0,*,"","","Y","CodeableConcept {[]} {[]}
","Target body sites","Detailed and structured anatomical location information. Multiple locations are allowed - e.g. multiple punch biopsies of a lesion.","If the use case requires attributes from the BodySite resource (e.g. to identify and track separately) then use the standard extension [procedure-targetbodystructure](http://hl7.org/fhir/R4/extension-procedure-targetbodystructure.html).","","","","","","","","",,"example","Codes describing anatomical locations. May include laterality.","http://hl7.org/fhir/ValueSet/body-site|4.0.1","",,,,"Procedure.bodySite",0,*,"","ele-1:All FHIR elements must have a @value or children {hasValue() or (children().count() > id.count())}
",".targetSiteCode","OBX-20"
"Procedure.outcome","Procedure.outcome","","","",0,1,"","","Y","CodeableConcept {[]} {[]}
","The result of procedure","The outcome of the procedure - did it resolve the reasons for the procedure being performed?","If outcome contains narrative text only, it can be captured using the CodeableConcept.text.","","","","","","","","",,"example","An outcome of a procedure - whether it was resolved or otherwise.","http://hl7.org/fhir/ValueSet/procedure-outcome|4.0.1","",,,,"Procedure.outcome",0,1,"","ele-1:All FHIR elements must have a @value or children {hasValue() or (children().count() > id.count())}
",".outboundRelationship[typeCode=OUT].target.text"
"Procedure.report","Procedure.report","","","",0,*,"","","","Reference {[]} {[CanonicalType[http://hl7.org/fhir/StructureDefinition/DiagnosticReport|4.0.1], CanonicalType[http://hl7.org/fhir/StructureDefinition/DocumentReference|4.0.1], CanonicalType[http://hl7.org/fhir/StructureDefinition/Composition|4.0.1]]}
","Any report resulting from the procedure","This could be a histology result, pathology report, surgical report, etc.","There could potentially be multiple reports - e.g. if this was a procedure which took multiple biopsies resulting in a number of anatomical pathology reports.","","","","","","","","",,,,,"",,,,"Procedure.report",0,*,"","ele-1:All FHIR elements must have a @value or children {hasValue() or (children().count() > id.count())}
",".inboundRelationship[typeCode=SUBJ].source[classCode=OBS, moodCode=EVN]"
"Procedure.complication","Procedure.complication","","","",0,*,"","","","CodeableConcept {[]} {[]}
","Complication following the procedure","Any complications that occurred during the procedure, or in the immediate post-performance period. These are generally tracked separately from the notes, which will typically describe the procedure itself rather than any 'post procedure' issues.","If complications are only expressed by the narrative text, they can be captured using the CodeableConcept.text.","","","","","","","","",,"example","Codes describing complications that resulted from a procedure.","http://hl7.org/fhir/ValueSet/condition-code|4.0.1","",,,,"Procedure.complication",0,*,"","ele-1:All FHIR elements must have a @value or children {hasValue() or (children().count() > id.count())}
",".outboundRelationship[typeCode=OUTC].target[classCode=OBS, code=""complication"", moodCode=EVN].value"
"Procedure.complicationDetail","Procedure.complicationDetail","","","",0,*,"","","","Reference {[]} {[CanonicalType[http://hl7.org/fhir/StructureDefinition/Condition|4.0.1]]}
","A condition that is a result of the procedure","Any complications that occurred during the procedure, or in the immediate post-performance period.","","This is used to document a condition that is a result of the procedure, not the condition that was the reason for the procedure.","","","","","","","",,,,,"",,,,"Procedure.complicationDetail",0,*,"","ele-1:All FHIR elements must have a @value or children {hasValue() or (children().count() > id.count())}
",".outboundRelationship[typeCode=OUTC].target[classCode=OBS, code=""complication"", moodCode=EVN].value"
"Procedure.followUp","Procedure.followUp","","","",0,*,"","","","CodeableConcept {[]} {[]}
","Instructions for follow up","If the procedure required specific follow up - e.g. removal of sutures. The follow up may be represented as a simple note or could potentially be more complex, in which case the CarePlan resource can be used.","","","","","","","","","",,"example","Specific follow up required for a procedure e.g. removal of sutures.","http://hl7.org/fhir/ValueSet/procedure-followup|4.0.1","",,,,"Procedure.followUp",0,*,"","ele-1:All FHIR elements must have a @value or children {hasValue() or (children().count() > id.count())}
",".outboundRelationship[typeCode=COMP].target[classCode=ACT, moodCode=INT].code"
"Procedure.note","Procedure.note","","","",0,*,"Y","","","Annotation {[]} {[]}
","Notizen","Any other notes and comments about the procedure.","Ergänzende Hinweise und Anmerkungen zur Prozedur","","","","","","","","",,,,,"",,,,"Procedure.note",0,*,"","ele-1:All FHIR elements must have a @value or children {hasValue() or (children().count() > id.count())}
","Event.note",".inboundRelationship[typeCode=SUBJ].source[classCode=OBS, moodCode=EVN, code=""annotation""].value","NTE"
"Procedure.focalDevice","Procedure.focalDevice","","","",0,*,"","","","BackboneElement {[]} {[]}
","Manipulated, implanted, or removed device","A device that is implanted, removed or otherwise manipulated (calibration, battery replacement, fitting a prosthesis, attaching a wound-vac, etc.) as a focal portion of the Procedure.","","","","","","","","","",,,,,"",,,,"Procedure.focalDevice",0,*,"","ele-1:All FHIR elements must have a @value or children {hasValue() or (children().count() > id.count())}
",".participation[typeCode=DEV].role[classCode=MANU]"
"Procedure.focalDevice.id","Procedure.focalDevice.id","","","",0,1,"","","","string {[]} {[]}
","Unique id for inter-element referencing","Unique id for the element within a resource (for internal references). This may be any string value that does not contain spaces.","","","","","","","","","",,,,,"",,,,"Element.id",0,1,"","","n/a"
"Procedure.focalDevice.extension","Procedure.focalDevice.extension","","extensions
user content","",0,*,"","","","Extension {[]} {[]}
","Additional content defined by implementations","May be used to represent additional information that is not part of the basic definition of the element. To make the use of extensions safe and manageable, there is a strict set of governance  applied to the definition and use of extensions. Though any implementer can define an extension, there is a set of requirements that SHALL be met as part of the definition of the extension.","There can be no stigma associated with the use of extensions by any application, project, or standard - regardless of the institution or jurisdiction that uses or defines the extensions.  The use of extensions is what allows the FHIR specification to retain a core level of simplicity for everyone.","","","","","","","","",,,,,"",,,,"Element.extension",0,*,"","ele-1:All FHIR elements must have a @value or children {hasValue() or (children().count() > id.count())}
ext-1:Must have either extensions or value[x], not both {extension.exists() != value.exists()}","n/a"
"Procedure.focalDevice.modifierExtension","Procedure.focalDevice.modifierExtension","","extensions
user contentmodifiers","",0,*,"","Y","Y","Extension {[]} {[]}
","Extensions that cannot be ignored even if unrecognized","May be used to represent additional information that is not part of the basic definition of the element and that modifies the understanding of the element in which it is contained and/or the understanding of the containing element's descendants. Usually modifier elements provide negation or qualification. To make the use of extensions safe and manageable, there is a strict set of governance applied to the definition and use of extensions. Though any implementer can define an extension, there is a set of requirements that SHALL be met as part of the definition of the extension. Applications processing a resource are required to check for modifier extensions.

Modifier extensions SHALL NOT change the meaning of any elements on Resource or DomainResource (including cannot change the meaning of modifierExtension itself).","There can be no stigma associated with the use of extensions by any application, project, or standard - regardless of the institution or jurisdiction that uses or defines the extensions.  The use of extensions is what allows the FHIR specification to retain a core level of simplicity for everyone.","Modifier extensions allow for extensions that *cannot* be safely ignored to be clearly distinguished from the vast majority of extensions which can be safely ignored.  This promotes interoperability by eliminating the need for implementers to prohibit the presence of extensions. For further information, see the [definition of modifier extensions](http://hl7.org/fhir/R4/extensibility.html#modifierExtension).","","","","","","","",,,,,"",,,,"BackboneElement.modifierExtension",0,*,"","ele-1:All FHIR elements must have a @value or children {hasValue() or (children().count() > id.count())}
ext-1:Must have either extensions or value[x], not both {extension.exists() != value.exists()}","N/A"
"Procedure.focalDevice.action","Procedure.focalDevice.action","","","",0,1,"","","","CodeableConcept {[]} {[]}
","Kind of change to device","The kind of change that happened to the device during the procedure.","","","","","","","","","",,"preferred","A kind of change that happened to the device during the procedure.","http://hl7.org/fhir/ValueSet/device-action|4.0.1","",,,,"Procedure.focalDevice.action",0,1,"","ele-1:All FHIR elements must have a @value or children {hasValue() or (children().count() > id.count())}
",".inboundRelationship[typeCode=SUBJ].source[classCode=OBS, moodCode=EVN, code=""procedure device action""].value=:procedure device action codes"
"Procedure.focalDevice.manipulated","Procedure.focalDevice.manipulated","","","",1,1,"","","","Reference {[]} {[CanonicalType[http://hl7.org/fhir/StructureDefinition/Device|4.0.1]]}
","Device that was changed","The device that was manipulated (changed) during the procedure.","","","","","","","","","",,,,,"",,,,"Procedure.focalDevice.manipulated",1,1,"","ele-1:All FHIR elements must have a @value or children {hasValue() or (children().count() > id.count())}
",".participation[typeCode=DEV].role[classCode=SDLOC]"
"Procedure.usedReference","Procedure.usedReference","","","",0,*,"","","","Reference {[]} {[CanonicalType[http://hl7.org/fhir/StructureDefinition/Device|4.0.1], CanonicalType[http://hl7.org/fhir/StructureDefinition/Medication|4.0.1], CanonicalType[http://hl7.org/fhir/StructureDefinition/Substance|4.0.1]]}
","Items used during procedure","Identifies medications, devices and any other substance used as part of the procedure.","For devices actually implanted or removed, use Procedure.device.","Used for tracking contamination, etc.","","","","","","","",,,,,"",,,,"Procedure.usedReference",0,*,"","ele-1:All FHIR elements must have a @value or children {hasValue() or (children().count() > id.count())}
",".participation[typeCode=DEV].role[classCode=MANU] or
.participation[typeCode=CSM].role[classCode=ADMM] (for Medication or Substance)"
"Procedure.usedCode","Procedure.usedCode","","","",0,*,"","","","CodeableConcept {[]} {[]}
","Coded items used during the procedure","Identifies coded items that were used as part of the procedure.","For devices actually implanted or removed, use Procedure.device.","","","","","","","","",,"example","Codes describing items used during a procedure.","http://hl7.org/fhir/ValueSet/device-kind|4.0.1","",,,,"Procedure.usedCode",0,*,"","ele-1:All FHIR elements must have a @value or children {hasValue() or (children().count() > id.count())}
","participation[typeCode=Dev].role[classCode=MANU]"
